,종목코드,종목명,결산월,액면가,자본금,상장주식,신용비율,연중최고,연중최저,시가총액,시가총액비중,외인소진률,대용가,PER,EPS,ROE,PBR,EV,BPS,매출액,영업이익,당기순이익,250최고,250최저,시가,고가,저가,상한가,하한가,기준가,예상체결가,예상체결수량,250최고가일,250최고가대비율,250최저가일,250최저가대비율,현재가,대비기호,전일대비,등락율,거래량,거래대비,액면가단위,유통주식,유통비율
0,005930,삼성전자,12,100,7780,5969783,+0.20,+96800,-72500,4435548,,+51.64,59680,19.34,3841,10.0,1.89,5.11,39406,2368070,359939,264078,+96800,-54000,-74300,+75000,-73800,+96900,-52300,74600,-0,0,20210111,-23.24,20200831,+37.59,-74300,5,-300,-0.40,15172748,-91.01,원,4453842,74.6
0,000660,SK하이닉스,12,5000,36577,728002,+0.57,+150500,-98900,753482,,+46.20,79040,15.85,6532,9.5,1.39,5.63,74721,319004,50126,47589,+150500,-74900,-103500,+104500,-101000,+135000,-73000,104000,-0,0,20210302,-31.23,20200902,+38.18,-103500,5,-500,-0.48,3507782,-94.94,원,540666,74.3
0,035420,NAVER,12,100,165,164263,+0.17,+465000,-285500,689906,,+56.72,330330,68.88,6097,15.2,8.04,39.19,52245,53041,12153,8450,+465000,-273500,-422000,423500,-416500,+550000,-296500,423500,-0,0,20210726,-9.68,20201117,+53.56,-420000,5,-3500,-0.83,567004,-87.78,원,132470,80.6
0,035720,카카오,12,100,445,444707,+0.50,+561000,-108000,667061,,+31.99,113620,425.04,353,2.7,10.54,88.53,14237,41568,4559,1734,+561000,-108000,-149000,+150000,-147000,+194000,-105000,149500,-0,0,20210408,-73.26,20210513,+38.89,+150000,2,+500,+0.33,1430634,-60.62,원,324521,73.0
0,207940,삼성바이오로직스,12,2500,1654,66165,+0.15,+1047000,-679000,626583,,+10.52,725040,260.02,3642,5.4,13.62,143.40,69505,11648,2928,2410,+1047000,-624000,-947000,954000,-943000,+1240000,-668000,954000,-0,0,20210818,-9.55,20201027,+51.76,-947000,5,-7000,-0.73,75275,-75.22,원,16397,24.8
0,051910,LG화학,12,5000,3530,70592,+0.23,+1050000,-757000,552738,,+47.30,598880,119.57,6549,2.9,3.39,14.98,230896,300765,17982,6824,+1050000,-588000,-782000,788000,-757000,+1024000,-552000,788000,-0,0,20210114,-25.43,20201102,+33.16,-783000,5,-5000,-0.63,353049,+146.76,원,46663,66.1
0,006400,삼성SDI,12,5000,3485,68765,+0.31,+828000,-600000,526049,,+44.71,581400,93.68,8166,4.5,4.04,31.25,189291,112948,6713,6310,+828000,-406000,-762000,+770000,-755000,+994000,-536000,765000,-0,0,20210813,-7.61,20200925,+88.42,765000,3,0,0.00,152681,-70.29,원,50178,73.0
0,005380,현대차,12,5000,11580,213668,+0.65,+289000,-193500,445498,,+28.48,159600,40.54,5144,2.0,0.81,16.22,257028,1039976,23947,19246,+289000,-156500,-209000,-209500,-205000,+273000,-147000,210000,-0,0,20210111,-27.85,20201020,+33.23,-208500,5,-1500,-0.71,502218,+120.34,원,137665,64.4
0,068270,셀트리온,12,1000,1379,137935,+1.45,+390000,-244000,406218,,+20.98,210530,79.24,3717,16.7,11.50,45.65,25619,18491,7121,5192,+403500,-233500,+285000,+297000,-282500,+369500,-199500,284500,-0,0,20201207,-27.01,20201023,+26.12,+294500,2,+10000,+3.51,1202846,+198.77,원,104451,75.7
0,000270,기아,12,5000,21393,405363,+0.56,+102000,-61700,332803,,+33.59,60680,22.37,3670,5.1,1.11,6.74,74274,591681,20665,14876,+102000,-41250,-81600,+82300,-81300,+106500,-57400,82000,-0,0,20210203,-19.51,20200904,+99.03,+82100,2,+100,+0.12,738873,-80.02,원,251408,62.0
0,005490,POSCO,12,5000,4824,87187,+0.26,+413500,-242500,274639,,+53.86,250770,17.14,18376,3.6,0.59,5.29,535894,577928,24030,17882,+413500,-183500,-317500,-320000,-313500,+417500,-225500,321500,-0,0,20210510,-23.82,20200909,+71.66,-315000,5,-6500,-2.02,376740,-99.58,원,58826,67.5
0,012330,현대모비스,12,5000,4910,94793,+0.59,+405000,-249000,256889,,+35.42,202920,16.85,16083,4.7,0.76,6.51,355702,366265,18303,15269,+405000,-214000,-266000,+271500,-264500,+347000,-187000,267000,-0,0,20210111,-33.09,20201020,+26.64,+271000,2,+4000,+1.50,236067,-82.80,원,61845,65.2
0,028260,삼성물산,12,100,187,186887,+0.29,+160000,-117000,247625,,+15.10,102960,24.23,5468,3.8,0.78,16.66,169260,302161,8571,11607,+160000,-101500,+132500,+133500,-131000,+171500,-92500,132000,-0,0,20210111,-17.19,20201020,+30.54,+132500,2,+500,+0.38,247480,+113.03,원,98885,52.9
0,066570,LG전자,12,5000,8182,163648,+0.84,+193000,-135000,229925,,+31.37,110370,12.91,10885,13.2,1.64,4.76,85617,632620,31950,20638,+193000,-82900,-141000,-141000,-139000,+183500,-99500,141500,-0,0,20210122,-27.20,20200907,+69.48,-140500,5,-1000,-0.71,593281,-73.55,원,107377,65.6
0,105560,KB금융,12,5000,20906,415808,+0.13,+59800,-40250,227447,,+67.67,42270,6.58,8309,8.5,0.52,,104952,144857,46160,35023,+59800,-36500,-54100,+54800,-53600,+70400,-38000,54200,-0,0,20210511,-8.53,20200827,+49.86,+54700,2,+500,+0.92,1461836,-65.95,원,323408,77.8
0,096770,SK이노베이션,12,5000,4623,92466,+0.95,+327500,-198000,221455,,+22.72,176490,,-23185,-13.6,1.39,,172589,341645,-25688,-21467,+327500,-119500,-237000,+241000,-234000,+310000,-167000,238500,-0,0,20210203,-26.87,20201102,+100.42,+239500,2,+1000,+0.42,259946,+106.43,원,51444,55.6
0,302440,SK바이오사이언스,12,500,383,76500,+0.62,+362000,-111500,221468,,+4.03,0,538.69,537,13.3,67.16,406.59,4310,2256,377,329,+362000,-111500,-285000,+290000,-278000,+371500,-200500,286000,-0,0,20210817,-20.03,20210408,+159.64,+289500,2,+3500,+1.22,678164,-40.96,원,20337,26.6
0,051900,LG생활건강,12,5000,781,15618,+0.10,+1784000,-1407000,221935,,+45.24,1128800,31.56,45018,17.9,5.22,14.95,272428,78445,12209,8131,+1784000,-1407000,+1415000,+1426000,-1409000,+1834000,-988000,1411000,-0,0,20210701,-20.35,20210826,+1.00,+1421000,2,+10000,+0.71,34875,-79.75,원,9344,59.8
0,017670,SK텔레콤,12,500,446,72060,+0.13,+339500,-235000,207533,,+95.09,226590,15.46,18631,6.4,0.90,5.49,320358,186247,13493,15005,+339500,-213000,+291500,+293000,-287000,+377500,-203500,290500,-0,0,20210610,-15.17,20201102,+35.21,-288000,5,-2500,-0.86,219456,-67.22,원,42826,59.4
0,055550,신한지주,12,5000,26082,516600,+0.14,+43250,-30450,202765,,+60.17,30690,5.82,6743,8.2,0.47,,83761,147740,49297,34981,+43250,-27100,-39300,-39300,-38850,+51100,-27550,39350,-0,0,20210602,-9.25,20200924,+44.83,-39250,5,-100,-0.25,1098653,-60.62,원,386865,74.9
0,091990,셀트리온헬스케어,12,1000,1550,155019,+2.42,+177100,-104000,191294,,+17.23,90200,79.28,1556,13.4,9.32,51.50,13241,16276,3621,2404,+179200,-81400,-121000,+125000,-120100,+158400,-85400,121900,-0,0,20201222,-31.14,20201027,+51.60,+123400,2,+1500,+1.23,1015367,-92.34,원,93904,60.6
0,034730,SK,12,200,153,70360,+0.57,+360500,-238000,183640,,+19.41,198740,97.76,2670,1.1,0.96,7.44,271359,818201,-1645,-1084,+360500,-179500,261500,+263000,-260000,+339500,-183500,261500,-0,0,20210126,-27.60,20201102,+45.40,-261000,5,-500,-0.19,156884,-77.95,원,32223,45.8
0,011200,HMM,12,5000,20270,405392,+0.70,+51100,-13150,166008,,+9.81,26820,106.63,384,8.9,7.93,13.75,5164,64133,9808,1240,+51100,-5320,+40950,+41300,-40400,+52800,-28500,40650,-0,0,20210528,-19.86,20200827,+669.74,+40950,2,+300,+0.74,3060729,-76.39,원,289211,71.3
0,015760,한국전력,12,5000,32098,641964,+0.48,+27950,-22500,153108,,+38.30,18600,7.69,3102,2.9,0.22,5.42,107945,585693,40863,20925,+30050,-19700,-23800,+24000,-23700,+31000,-16700,23850,-0,0,20201218,-20.63,20200924,+21.07,23850,3,0,0.00,1423230,-79.94,원,302243,47.1
0,032830,삼성생명,12,500,1000,200000,+0.19,+88900,-69600,149000,,+12.91,57720,11.77,6329,3.3,0.34,,220026,177401,17900,13705,+88900,-57500,74000,+74500,-73800,+96200,-51800,74000,-0,0,20210503,-16.20,20200924,+29.57,+74500,2,+500,+0.68,221772,-59.26,원,83834,41.9
0,003550,LG,12,5000,7865,157301,+0.15,+126500,-84900,146762,,+33.26,66740,11.20,8334,7.5,0.81,6.92,115201,66321,17022,15407,+126500,-67600,+93200,+94400,+92800,+120500,-64900,92700,-0,0,20210428,-26.25,20201102,+38.02,+93300,2,+600,+0.65,173882,+110.21,원,85119,54.1
0,036570,엔씨소프트,12,500,110,21954,+0.43,+1048000,-650000,144677,,+49.00,538840,24.63,26756,20.8,4.05,14.24,162711,24162,8248,5866,+1048000,-650000,-686000,-693000,-650000,+921000,-497000,709000,-0,0,20210208,-37.12,20210827,+1.38,-659000,5,-50000,-7.05,1048784,-100.00,원,17975,81.9
0,009150,삼성전기,12,5000,3735,74694,+0.95,+223000,-158500,133702,,+32.63,136420,23.00,7783,10.9,2.35,8.23,76275,82087,8291,6238,+223000,-124000,-179000,+183000,-177500,+233000,-126000,179500,-0,0,20210126,-19.73,20200901,+44.35,-179000,5,-500,-0.28,418559,-41.81,원,54880,73.5
0,086790,하나금융지주,12,5000,15012,300242,+0.08,+48000,-32600,135559,,+67.91,34040,5.14,8784,9.0,0.44,,103296,100796,38364,26849,+48000,-27350,-44700,+45150,-44200,+58200,-31400,44800,-0,0,20210604,-5.94,20200924,+65.08,+45150,2,+350,+0.78,841814,-67.10,원,259325,86.4
0,090430,아모레퍼시픽,12,500,292,58458,+0.21,+300000,-195000,131824,,+33.53,171990,442.99,509,0.8,3.41,20.92,66205,44322,1430,219,+300000,-158000,220500,+225500,-216000,+286500,-154500,220500,-0,0,20210527,-24.83,20201030,+42.72,+225500,2,+5000,+2.27,152329,+130.41,원,29135,49.8
0,018260,삼성에스디에스,12,500,387,77378,+0.40,+229500,-166000,131929,,+11.59,131820,29.75,5731,6.7,1.98,7.08,86208,110174,8716,4529,+229500,-155500,169000,+172500,-167500,+219500,-118500,169000,-0,0,20210108,-25.71,20200904,+9.65,+170500,2,+1500,+0.89,82895,-95.02,원,32989,42.6
0,003670,포스코케미칼,12,500,387,77463,+0.68,+184500,-102500,115808,,+7.82,110260,338.11,442,3.0,9.99,97.04,14962,15662,603,297,+184500,-71100,-148000,+150000,-146000,+193500,-104500,149000,-0,0,20210222,-18.97,20201027,+110.27,+149500,2,+500,+0.34,211624,-48.01,원,29014,37.5
0,033780,KT&G,12,5000,9550,137292,+0.13,+85500,-78000,111344,,+37.10,64720,9.50,8535,13.2,1.16,5.16,69694,53016,14811,11716,+89000,-78000,+81000,+81200,-80800,+105000,-56700,80900,-0,0,20201221,-8.88,20210302,+3.97,+81100,2,+200,+0.25,214507,-81.99,원,108685,79.2
0,352820,하이브,12,500,195,39051,+0.65,+337000,-150000,111100,,+16.50,206640,101.35,2807,12.5,8.60,57.02,33087,7963,1455,871,+351000,-141000,-286500,+288000,-283000,+373000,-201000,287000,-0,0,20201015,-18.95,20201102,+101.77,-284500,5,-2500,-0.87,90563,-97.62,원,15009,38.4
0,251270,넷마블,12,100,86,85954,+0.74,+151000,-117000,109591,,+22.60,93980,34.96,3647,6.4,1.88,27.66,67709,24848,2720,3380,+204500,-116500,-126000,+129500,-125500,+165000,-89000,127000,-0,0,20200907,-37.65,20201030,+9.44,+127500,2,+500,+0.39,231911,-31.25,원,26800,31.2
0,000810,삼성화재,12,500,248,47375,+0.03,+232500,-166000,109673,,+48.58,179790,15.51,14931,4.9,0.66,,350911,200133,10444,7573,+232500,-166000,+231000,+231500,-228500,+299500,-161500,230500,-0,0,20210818,-0.43,20210205,+39.46,+231500,2,+1000,+0.43,70594,-58.26,원,31060,65.6
0,034020,두산중공업,12,5000,25693,513869,+1.34,+32000,-10200,105086,,+10.28,14470,,-3800,-37.2,2.40,24.43,8511,151324,1541,-8384,+32000,-9680,-19800,+20600,-19650,+26100,-14100,20100,-0,0,20210607,-36.09,20200825,+111.26,+20450,2,+350,+1.74,3634106,-70.81,원,287789,56.0
0,003490,대한항공,12,5000,17391,347821,+0.50,+35400,-25750,105216,,+22.57,23670,,-1296,-7.2,1.96,11.60,15440,76062,1089,-2300,+35400,-17600,-29950,+30600,-29700,+39450,-21250,30350,-0,0,20210115,-14.55,20200827,+71.88,-30250,5,-100,-0.33,1727180,+102.70,원,212324,61.0
0,010950,S-Oil,12,2500,2815,112583,+0.16,+111000,-66300,101887,,+78.01,71130,,-6827,-13.1,1.86,,48749,168297,-10991,-7961,+111000,-50300,-91000,+91500,-90200,+118500,-63900,91200,-0,0,20210706,-18.47,20200924,+79.92,-90500,5,-700,-0.77,140896,-67.61,원,41156,36.6
0,326030,SK바이오팜,12,500,392,78313,+0.80,+162500,-100000,95151,,+6.57,84240,,-3444,-135.2,25.10,,4840,260,-2395,-2474,+197000,-100000,+117500,+123000,+117500,+152000,-82000,117000,-0,0,20200908,-38.32,20210329,+21.50,+121500,2,+4500,+3.85,415457,+315.48,원,26628,34.0
0,010130,고려아연,12,5000,944,18870,+0.14,+556000,-394500,95671,,+20.10,396240,16.70,30363,8.4,1.36,6.40,372193,75819,8974,5748,+556000,-363000,-505000,+510000,-500000,+660000,-356000,508000,-0,0,20210730,-8.81,20200924,+39.67,-507000,5,-1000,-0.20,26779,-83.62,원,8516,45.1
0,018880,한온시스템,12,100,534,533800,+0.27,+20200,-15000,85942,,+17.89,12350,77.87,207,5.1,4.06,13.58,3969,68728,3158,1135,+20200,-11150,-16200,-16200,-15950,+21100,-11400,16250,-0,0,20210108,-20.30,20201030,+44.39,-16100,5,-150,-0.92,869034,-68.16,원,160068,30.0
0,030200,KT,12,5000,15645,261112,+0.22,+35200,-23550,84600,,+90.31,26200,12.86,2520,4.8,0.57,2.46,57039,239167,11841,7034,+35200,-22000,-32500,32750,-32250,+42550,-22950,32750,-0,0,20210723,-7.95,20201030,+47.27,-32400,5,-350,-1.07,757653,+113.44,원,133989,51.3
0,009540,한국조선해양,12,5000,3539,70773,+0.61,+163500,-93200,83158,,+18.02,88920,,-11781,-7.4,0.76,20.49,154251,149037,744,-8352,+163500,-77500,117000,+118500,-116000,+152000,-82000,117000,-0,0,20210511,-28.13,20200924,+51.61,+117500,2,+500,+0.43,206654,-80.21,원,45111,63.7
0,011170,롯데케미칼,12,5000,1714,34275,+0.88,+338000,-233000,82947,,+26.80,187200,52.34,4623,1.2,0.65,6.67,374803,122230,3569,1753,+338000,-170500,-238000,+242500,-236000,+312000,-168000,240000,-0,0,20210302,-28.40,20200826,+41.94,+242000,2,+2000,+0.83,120494,+130.17,원,15450,45.1
0,316140,우리금융지주,12,5000,36403,728061,+0.27,+12100,-8800,82635,,+28.19,8730,6.27,1810,5.9,0.36,,31918,95239,20804,15152,+12100,-8080,-11150,+11350,-11100,+14550,-7850,11200,-0,0,20210628,-6.20,20200924,+40.47,+11350,2,+150,+1.34,2173145,-93.43,원,577890,80.0
0,009830,한화솔루션,12,5000,9726,191278,+1.48,+60600,-36000,77755,,+17.01,29370,21.24,1914,5.3,1.10,10.45,36829,91950,5942,3017,+60600,-32200,-39400,+41250,-39200,+51600,-27800,39700,-0,0,20210111,-32.92,20200825,+26.24,+40650,2,+950,+2.39,1876772,+159.02,원,120817,63.2
0,024110,기업은행,12,5000,37215,744301,+0.16,+11150,-7830,77779,,+12.96,8110,5.21,2006,6.4,0.33,,31597,86539,21255,15479,+11150,-7780,10400,+10500,-10300,+13500,-7300,10400,-0,0,20210604,-6.28,20200924,+34.32,+10450,2,+50,+0.48,1252423,-74.76,원,268956,36.1
0,034220,LG디스플레이,12,5000,17891,357816,+1.46,+27600,-18500,72279,,+17.19,15270,,-250,-0.8,0.63,4.15,31863,242301,-291,-706,+27600,-14050,+20150,+20250,-19900,+26100,-14100,20100,-0,0,20210426,-26.81,20201030,+43.77,+20200,2,+100,+0.50,1581093,-48.61,원,215168,60.1
0,247540,에코프로비엠,12,500,110,21919,+1.61,+338000,-145200,70931,,+14.70,239020,143.99,2247,11.5,15.18,78.90,21318,8547,548,467,+338000,-111800,-318200,+326800,-317100,+419900,-226100,323000,-0,0,20210824,-4.26,20201027,+189.45,+323600,2,+600,+0.19,197452,-59.88,원,9920,45.3
0,086280,현대글로비스,12,500,188,37500,+0.65,+235000,-174000,71250,,+34.68,140970,11.75,16165,12.5,1.41,7.64,135079,165199,6622,6061,+235000,-123000,-190000,+193000,-189000,+247500,-133500,190500,-0,0,20210125,-19.15,20200825,+54.47,-190000,5,-500,-0.26,135077,-59.38,원,18623,49.7
0,097950,CJ제일제당,12,5000,753,15054,+0.25,+498500,-378000,66088,,+24.37,340860,10.49,41851,13.5,1.34,5.36,328093,242457,13596,7864,+498500,-352000,+438500,+442500,-435500,+568000,-306000,437000,-0,0,20210806,-11.94,20201207,+24.72,+439000,2,+2000,+0.46,29478,+106.13,원,7808,51.9
0,004020,현대제철,12,5000,6672,133446,+1.02,+63000,-37200,64588,,+20.63,36740,,-3222,-2.6,0.39,10.62,123330,180234,730,-4401,+63000,-23400,-48000,+48600,-47600,+62800,-33850,48350,-0,0,20210511,-23.17,20200924,+106.84,+48400,2,+50,+0.10,367735,-74.90,원,83548,62.6
0,068760,셀트리온제약,12,500,183,36549,+2.81,+239800,-123600,62644,,+7.70,121820,298.93,573,7.2,20.67,173.26,8293,2336,236,209,+274200,-100500,+169800,+174300,-167000,+219900,-118500,169200,-0,0,20201228,-37.49,20201023,+70.55,+171400,2,+2200,+1.30,612968,+113.55,원,16266,44.5
0,032640,LG유플러스,12,5000,25740,436611,+0.36,+16200,-11550,61126,,+67.26,10990,13.10,1069,6.5,0.83,3.73,16891,134176,8862,4781,+16200,-10800,+14150,+14250,-13950,+18300,-9900,14100,-0,0,20210610,-13.58,20200925,+29.63,-14000,5,-100,-0.71,996073,-64.67,원,268026,61.4
0,293490,카카오게임즈,12,100,75,74674,+2.20,+106000,-45300,60411,,+10.15,61480,58.61,1380,12.1,5.97,62.14,13557,4955,665,675,+106000,-42950,+85800,+86200,-80300,+111000,-59800,85400,-0,0,20210726,-23.68,20201027,+88.36,-80900,5,-4500,-5.27,4505198,-41.10,원,31836,42.6
0,035250,강원랜드,12,500,1070,213941,+0.66,+29550,-23100,58299,,+19.53,21330,,-1289,-7.9,1.70,,15991,4786,-4316,-2759,+29550,-20450,-27150,+27450,-26850,+35550,-19150,27350,-0,0,20210603,-7.78,20200827,+33.25,-27250,5,-100,-0.37,629677,-69.87,원,125149,58.5
0,028300,에이치엘비,12,500,530,106078,+0.31,+105700,-31450,56964,,+14.64,37100,,-782,-24.1,11.75,,4572,562,-613,-887,+133800,-31450,-52500,+57000,-51600,+68900,-37100,53000,-0,0,20200921,-59.87,20210504,+70.75,+53700,2,+700,+1.32,5902318,-89.75,원,91737,86.5
0,011790,SKC,12,5000,1893,37868,+1.26,+178000,-94000,57181,,+12.87,112850,152.73,989,2.2,3.06,20.35,49380,27022,1908,736,+178000,-69600,-151500,+153500,-150000,+198000,-107000,152500,-0,0,20210820,-15.17,20201027,+116.95,-151000,5,-1500,-0.98,236222,-43.40,원,20241,53.5
0,000720,현대건설,12,5000,5568,111356,+0.93,+61900,-37550,57682,,+20.97,40710,47.20,1098,1.8,0.87,3.18,59502,169709,5490,2277,+61900,-29300,-51600,52200,-51300,+67800,-36600,52200,-0,0,20210706,-16.32,20200925,+76.79,-51800,5,-400,-0.77,426265,-66.21,원,72471,65.1
0,011780,금호석유,12,5000,1523,30468,+2.45,+298500,-142000,57736,,+20.26,136080,10.89,17405,20.2,1.99,6.65,95198,48095,7422,5830,+298500,-92600,-187000,+193000,-185500,+245500,-132500,189000,-0,0,20210506,-36.52,20200924,+104.64,+189500,2,+500,+0.26,184320,+106.43,원,17236,56.6
0,263750,펄어비스,12,100,66,66222,+1.09,+402000,-53100,58937,,+18.47,65040,57.66,1543,16.5,8.30,31.23,10720,4888,1573,1009,+402000,-53100,+92300,+100100,-87200,+114200,-61600,87900,-0,0,20210205,-77.86,20210504,+67.61,+89000,2,+1100,+1.25,9477600,+110.73,원,28500,43.0
0,161390,한국타이어앤테크놀로지,12,500,619,123875,+0.08,+57500,-37100,56239,,+41.58,33960,15.10,3006,5.1,0.76,4.48,59918,64531,6283,3852,+57500,-28850,+46150,+46150,-45200,+59600,-32150,45900,-0,0,20210622,-21.04,20200825,+57.37,-45400,5,-500,-1.09,224011,+127.56,원,68435,55.3
0,021240,코웨이,12,500,407,73800,+0.19,+89100,-63800,55571,,+59.49,56940,13.72,5486,31.5,3.60,5.11,20905,32374,6064,4047,+89100,-63800,+73700,+75900,+73100,+94900,-51100,73000,-0,0,20210726,-15.49,20210323,+18.03,+75300,2,+2300,+3.15,212462,-84.12,원,54026,73.2
0,006800,미래에셋증권,12,5000,33316,635316,+0.77,+11100,-8230,56098,,+13.88,6770,8.65,1021,8.9,0.73,,12053,24735,11171,8343,+11100,-8230,+8700,+8830,-8670,+11250,-6090,8690,-0,0,20210111,-20.45,20210820,+7.29,+8830,2,+140,+1.61,1223658,+115.95,원,331960,52.3
0,383220,F&F,12,500,38,7661,+2.07,+753000,-360000,56848,,+10.74,515200,,,,,,,,,,+753000,-360000,+747000,+753000,-730000,+956000,-516000,736000,-0,0,20210827,-1.46,20210521,+106.11,+742000,2,+6000,+0.82,33238,+103.87,원,3111,40.6
0,267250,현대중공업지주,12,1000,814,78993,+0.33,+300000,-57500,51030,,+17.29,47730,,-7631,-8.1,0.68,73.82,95002,189110,-5971,-7897,+320500,-57500,64500,+65200,-63900,+83800,-45200,64500,-0,0,20201222,-79.84,20210413,+12.35,+64600,2,+100,+0.16,121040,-84.76,원,43526,55.1
0,071050,한국금융지주,12,5000,2786,55726,+0.79,+121000,-78300,52438,,+34.68,71360,6.71,14021,16.3,1.02,,91938,15708,8564,8600,+121000,-59500,-92800,+94200,-91900,+122000,-65800,93900,-0,0,20210428,-22.23,20200825,+58.15,+94100,2,+200,+0.21,186077,-96.77,원,41201,73.9
0,139480,이마트,12,5000,1394,27876,+0.70,+191500,-151000,49619,,+35.32,138840,13.71,12979,4.1,0.54,7.54,329309,220330,2372,3626,+191500,-113500,178000,+179000,-175000,+231000,-125000,178000,-0,0,20210113,-7.05,20200827,+56.83,178000,3,0,0.00,128104,-72.47,원,19828,71.1
0,008930,한미사이언스,12,500,337,67305,+0.85,+96600,-55900,49267,,+1.51,51840,217.99,336,3.5,7.30,158.23,10030,8574,252,226,+96600,-50900,+72400,+74400,-71800,+93600,-50400,72000,-0,0,20210106,-24.22,20200924,+43.81,+73200,2,+1200,+1.67,128351,+108.80,원,21350,31.7
0,271560,오리온,12,500,198,39536,+0.26,+143500,-112500,49025,,+39.33,97500,18.32,6768,15.5,2.68,9.16,46301,22298,3761,2746,+151500,-108000,-124000,125000,-122000,+162500,-87500,125000,-0,0,20200918,-18.15,20201030,+14.81,-124000,5,-1000,-0.80,90143,-89.73,원,22210,56.2
0,011070,LG이노텍,12,5000,1183,23667,+0.83,+245500,-180000,48399,,+29.47,152810,20.50,9977,10.2,1.99,4.36,102590,95418,6810,2361,+245500,-141500,+207500,+208000,-201500,+268000,-145000,206500,-0,0,20210719,-16.70,20200901,+44.52,-204500,5,-2000,-0.97,142321,+128.39,원,14011,59.2
0,002790,아모레G,12,500,412,82458,+0.43,+80600,-53600,46836,,+17.22,42780,525.20,108,0.3,1.59,5.04,35828,49301,1507,220,+80600,-43550,-56200,+56900,-55800,+73100,-39500,56300,-0,0,20210602,-29.53,20201030,+30.42,+56800,2,+500,+0.89,99603,-95.29,원,25163,30.5
0,180640,한진칼,12,2500,1668,66739,+0.36,+80000,-49050,44048,,+14.87,48690,,-4477,-19.6,2.91,,22666,4088,-2211,-3415,+95500,-49050,65800,+67000,-65400,+85500,-46100,65800,-0,0,20201116,-30.89,20210504,+34.56,+66000,2,+200,+0.30,74390,+100.88,원,42810,64.2
0,028670,팬오션,12,1000,5346,534570,+1.74,+8920,-4450,43300,,+11.58,6150,46.80,173,3.3,1.54,12.21,5250,24972,2252,907,+8920,-3255,-8080,+8180,-7950,+10500,-5670,8100,-0,0,20210629,-9.19,20200922,+148.85,8100,3,0,0.00,4991965,-78.33,원,241747,45.2
0,016360,삼성증권,12,5000,4585,89300,+0.32,+48950,-36100,43712,,+29.79,37280,8.61,5686,9.9,0.82,,59542,14926,6780,5078,+48950,-29150,47800,+48950,-47650,+62100,-33500,47800,-0,0,20210827,0.00,20200924,+67.92,+48950,2,+1150,+2.41,545613,+171.72,원,60868,68.2
0,000100,유한양행,12,1000,700,69973,+0.74,+81000,-57300,42684,,+17.78,47030,22.52,2709,11.1,2.15,27.39,28344,16199,843,1904,+84500,-57300,+60500,+61300,60300,+78300,-42300,60300,-0,0,20201221,-27.81,20210820,+6.46,+61000,2,+700,+1.16,114546,-61.37,원,52183,74.6
0,241560,두산밥캣,12,500,501,100249,+0.30,+59400,-29100,42305,,+25.84,31920,17.10,2468,6.2,1.04,8.61,40637,42821,3939,2475,+59400,-25700,-41800,+42600,-41000,+54600,-29400,42000,-0,0,20210602,-28.96,20200924,+64.20,+42200,2,+200,+0.48,165293,-74.17,원,49033,48.9
0,036490,SK머티리얼즈,12,500,53,10548,+0.30,+499600,-298400,42307,,+17.31,306120,32.67,12278,28.5,5.60,15.27,71672,9550,2339,1520,+499600,-211000,-401100,+406900,-397500,+523600,-282000,402800,-0,0,20210722,-19.72,20201027,+90.09,-401100,5,-1700,-0.42,89297,+106.45,원,3778,35.8
0,028050,삼성엔지니어링,12,5000,9800,196000,+1.77,+28150,-11900,41258,,+32.78,16450,16.34,1288,17.3,2.58,8.57,8167,67492,3612,2521,+28150,-9960,-20950,+21150,-20250,+27400,-14800,21100,-0,0,20210624,-25.22,20200924,+111.35,-21050,5,-50,-0.24,2336688,+112.14,원,151616,77.4
0,005830,DB손해보험,12,500,354,70800,+0.07,+63600,-36700,42055,,+42.83,46800,7.53,7893,9.0,0.64,,92750,154561,7310,5611,+63600,-36700,+60100,+60600,-58600,+78000,-42000,60000,-0,0,20210817,-6.60,20210129,+61.85,-59400,5,-600,-1.00,142925,-83.86,원,43611,61.6
0,006280,녹십자,12,5000,584,11687,+2.62,+538000,-288000,40903,,+21.56,235800,50.47,6935,7.5,3.54,44.44,98765,15041,503,893,+538000,-209000,+328500,+359500,-323000,+425500,-229500,327500,-0,0,20210126,-34.94,20200925,+67.46,+350000,2,+22500,+6.87,424959,+340.07,원,5382,46.1
0,003410,쌍용C&E,12,100,504,503860,+0.17,+8680,-6350,41014,,+3.60,6450,29.76,274,7.9,2.42,11.59,3370,14708,2502,1382,+8680,-5240,+8080,+8220,-8050,+10450,-5650,8070,-0,0,20210628,-6.22,20200901,+55.34,+8140,2,+70,+0.87,1417234,+287.02,원,107491,21.3
0,078930,GS,12,5000,4646,92915,+0.39,+50300,-35800,38606,,+19.23,32370,,-2563,-2.8,0.47,13.73,88219,154442,9206,-1878,+50300,-30300,41500,+41700,-41050,+53900,-29050,41500,-0,0,20210511,-17.40,20200924,+37.13,+41550,2,+50,+0.12,109164,-69.35,원,44482,47.9
0,066970,엘앤에프,12,500,173,34579,+2.41,+132700,-61600,38382,,+17.51,83020,,-533,-9.4,16.21,262.16,6849,3561,15,-150,+132700,-37250,-109700,+112600,-108600,+145800,-78600,112200,-0,0,20210813,-16.35,20201027,+197.99,-111000,5,-1200,-1.07,431562,-64.10,원,21834,63.1
0,029780,삼성카드,12,5000,6148,115859,+0.08,+35950,-29700,39798,,+8.24,25950,9.98,3442,5.7,0.53,,64936,24222,5343,3988,+35950,-27650,+34300,+34550,-33950,+44350,-23950,34150,-0,0,20210708,-4.45,20200924,+24.23,+34350,2,+200,+0.59,98868,-61.91,원,23329,20.1
0,010140,삼성중공업,12,1000,6300,630000,+1.59,+8000,-5520,38997,,+14.00,4410,,-2353,-33.1,0.83,,7450,68603,-10541,-14927,+8000,-5010,6130,+6210,-6100,+7960,-4300,6130,-0,0,20210329,-22.62,20201029,+23.55,+6190,2,+60,+0.98,2246421,-86.11,원,340582,54.1
0,000120,CJ대한통운,12,5000,1141,22812,+0.18,+194500,-161000,38667,,+22.68,130650,31.43,5393,3.9,1.07,8.17,158656,107811,3253,1426,+194500,-146000,+168000,+170500,167500,+217500,-117500,167500,-0,0,20210204,-12.85,20200825,+16.10,+169500,2,+2000,+1.19,30210,+100.62,원,10782,47.3
0,128940,한미약품,12,2500,302,12078,+1.09,+427000,-292500,37020,,+12.92,224960,309.55,990,1.7,4.88,39.49,62778,10759,490,173,+427000,-260000,+304500,+309000,-303500,+395000,-213000,304000,-0,0,20210127,-28.22,20200924,+17.88,+306500,2,+2500,+0.82,21108,-75.99,원,6979,57.8
0,005940,NH투자증권,12,5000,14319,281409,+0.29,+13700,-10750,37146,,+18.46,10440,6.87,1921,10.3,0.68,,19356,16809,7873,5769,+13700,-8920,-13000,+13200,-12950,+16950,-9150,13050,-0,0,20210510,-3.65,20200924,+47.98,+13200,2,+150,+1.15,707752,+141.90,원,138274,49.1
0,004990,롯데지주,12,200,210,104909,+0.58,+43650,-32000,36876,,+8.30,27530,,-1874,-3.0,0.45,9.02,78983,90866,1562,-2389,+43650,-28000,-35000,+35700,-34850,+45850,-24750,35300,-0,0,20210608,-19.47,20200924,+25.54,-35150,5,-150,-0.42,92781,-72.75,원,26096,24.9
0,272210,한화시스템,12,5000,9446,188919,+1.30,+23400,-15850,36273,,+3.13,14400,22.62,849,9.4,2.05,16.93,9375,16429,929,936,+23400,-9930,-18900,+19350,-18700,+24600,-13300,18950,-0,0,20210331,-17.95,20200826,+93.35,+19200,2,+250,+1.32,1881685,+109.38,원,60362,32.0
0,138040,메리츠금융지주,12,500,714,134011,+0.05,+27300,-9450,35781,,+8.11,18510,7.44,3587,16.1,1.07,,25039,18245,13721,9253,+27300,-8890,+26650,+27300,-26300,+34350,-18550,26450,-0,0,20210827,-2.20,20200924,+200.34,+26700,2,+250,+0.95,200585,-71.97,원,29558,22.1
0,196170,알테오젠,12,500,211,42179,+2.10,+188100,-66500,34292,,+15.81,62160,,-23,-1.0,26.30,1677.47,3091,424,1,-34,+228000,-66500,-83100,-83800,-81000,+109200,-58800,84000,-0,0,20200902,-64.34,20210524,+22.26,-81300,5,-2700,-3.21,193555,-72.38,원,31404,74.5
0,006360,GS건설,12,5000,4279,85581,+0.86,+48850,-35400,35003,,+25.88,31620,10.59,3862,7.7,0.79,5.29,51763,101229,7504,3297,+48850,-23150,-40450,+41400,-40250,+52700,-28400,40550,-0,0,20210428,-16.27,20200925,+76.67,+40900,2,+350,+0.86,534911,+128.85,원,63011,73.6
0,020150,일진머티리얼즈,12,500,231,46111,+1.32,+89200,-50900,34721,,+9.65,57380,81.25,927,7.2,5.68,38.02,13255,5369,509,427,+89200,-40300,-75000,+76000,-74500,+98100,-52900,75500,-0,0,20210810,-15.58,20200925,+86.85,-75300,5,-200,-0.26,159203,-91.76,원,21411,46.4
0,008560,메리츠증권,12,1000,6817,681731,+0.15,+5330,-3485,36200,,+14.18,3990,6.87,773,13.1,0.86,,6191,14334,8280,5651,+5330,-3070,5250,+5330,-5220,+6820,-3680,5250,-0,0,20210827,-0.38,20200924,+72.96,+5310,2,+60,+1.14,1908502,+110.66,원,258887,38.0
0,008770,호텔신라,12,5000,1962,39248,+1.38,+103000,-78500,34970,,+18.23,69570,,-7085,-36.7,4.90,122.58,18200,31881,-1853,-2833,+103000,-69900,-86100,89200,-86100,+115500,-62500,89200,-0,0,20210531,-13.50,20200827,+27.47,-89100,5,-100,-0.11,276805,-89.02,원,30309,77.2
0,019170,신풍제약,12,500,265,52985,+4.16,+139000,-59500,35182,,+8.51,47600,732.41,91,1.7,9.59,166.01,6924,1978,78,50,+214000,-59500,-67700,+68400,-66100,+88400,-47600,68000,-0,0,20200921,-68.97,20210504,+11.60,-66400,5,-1600,-2.35,1019377,-32.28,원,32316,61.0
0,007070,GS리테일,12,1000,1047,104718,+0.67,+39800,-31650,35447,,+10.77,26440,15.48,2187,7.5,1.13,6.66,29929,88623,2526,1545,+39800,-31450,-33800,+34050,-33550,+44050,-23750,33900,-0,0,20210601,-14.95,20200828,+7.63,-33850,5,-50,-0.15,216032,-77.73,원,43988,42.0
0,036460,한국가스공사,12,5000,4616,92313,+0.40,+39850,-30050,33233,,+21.19,27280,,-1864,-2.2,0.44,10.69,82691,208337,8989,-1607,+39850,-23100,+36000,+36050,-35250,+46650,-25150,35900,-0,0,20210617,-9.66,20200911,+55.84,+36000,2,+100,+0.28,211253,-43.37,원,39828,43.1
0,112610,씨에스윈드,12,500,211,42171,+2.08,+189500,-55800,33105,,+10.28,54930,92.49,849,8.2,6.91,27.18,11359,9691,976,336,+189500,-55800,-76000,+79700,-76000,+99100,-53500,76300,-0,0,20210107,-58.58,20210309,+40.68,+78500,2,+2200,+2.88,649213,+177.53,원,23751,56.3
0,298020,효성티앤씨,12,5000,216,4328,+1.49,+963000,-206000,33453,,+22.85,572020,24.45,31610,25.1,5.54,9.58,139553,51616,2666,1683,+963000,-96400,-767000,+783000,-755000,+1004000,-542000,773000,-0,0,20210716,-19.73,20200904,+701.87,773000,3,0,0.00,28581,-53.91,원,2416,55.8
0,014680,한솔케미칼,12,5000,567,11335,+0.36,+309500,-180500,33325,,+41.45,231660,27.06,10864,24.5,5.98,17.96,49157,6193,1519,1301,+309500,-134000,297000,297000,-292000,+386000,-208000,297000,-0,0,20210813,-5.01,20200922,+119.40,-294000,5,-3000,-1.01,40157,-76.95,원,8880,78.3
0,035760,CJ ENM,12,5000,1106,21929,+0.88,+190000,-138000,32718,,+43.73,117150,57.47,2596,1.8,0.88,4.68,168947,33912,2721,656,+190000,-117500,-149000,-149800,-147800,+195200,-105200,150200,-0,0,20210706,-21.47,20200828,+26.98,-149200,5,-1000,-0.67,80538,-93.71,원,11366,51.8
0,096530,씨젠,12,500,261,52226,+4.72,+214900,-59700,33320,,+13.25,44730,6.63,9617,125.9,5.08,4.50,12571,11252,6762,5031,+300800,-59700,+64000,+64900,-63400,+83000,-44800,63900,-0,0,20201012,-78.79,20210610,+6.87,-63800,5,-100,-0.16,454227,-61.38,원,35354,67.7
0,336260,두산퓨얼셀,12,100,65,65494,+1.82,+65400,-38200,33860,,+12.94,34580,276.18,187,4.2,8.26,100.55,6263,4618,260,142,+65400,-35550,-49000,+52300,-48350,+64200,-34600,49400,-0,0,20210215,-20.95,20201006,+45.43,+51700,2,+2300,+4.66,3057520,+300.16,원,39775,60.7
0,039490,키움증권,12,5000,1311,26210,+1.11,+167500,-110500,31059,,+24.01,88540,4.30,27556,27.6,1.04,,113454,14691,9690,7062,+167500,-92600,116500,+119000,-116000,+151000,-82000,116500,-0,0,20210111,-29.25,20200925,+27.97,+118500,2,+2000,+1.72,45090,-95.46,원,14897,56.8
0,047810,한국항공우주,12,5000,4874,97475,+0.97,+41000,-25900,31143,,+13.48,24760,41.74,766,6.4,2.61,12.54,12264,28251,1395,723,+41000,-21800,-31650,+32150,-31400,+41250,-22250,31750,-0,0,20210209,-22.07,20201030,+46.56,+31950,2,+200,+0.63,258393,-84.29,원,70149,72.0
0,282330,BGF리테일,12,1000,173,17284,+0.08,+193000,-131500,30593,,+32.89,135280,24.93,7100,18.6,4.38,5.96,40416,61813,1622,1227,+193000,-115000,-177500,178000,-174500,+231000,-125000,178000,-0,0,20210608,-8.29,20200924,+53.91,-177000,5,-1000,-0.56,20551,-76.54,원,7719,44.7
0,285130,SK케미칼,12,5000,588,11751,+4.09,+467000,-235500,31435,,+17.24,197280,13.88,19267,30.5,3.68,16.72,72623,12147,1063,2552,+467000,-235500,274000,+274500,-264500,+356000,-192000,274000,-0,0,20210203,-42.72,20210802,+13.59,-267500,5,-6500,-2.37,169450,+107.14,원,7605,64.7
0,023530,롯데쇼핑,12,5000,1414,28289,+0.97,+135000,-99500,30269,,+10.43,82290,,-27783,-7.7,0.31,9.48,346618,161844,3461,-6866,+135000,-75600,-105000,+107000,-105000,+137000,-74000,105500,-0,0,20210309,-20.74,20200827,+41.53,+107000,2,+1500,+1.42,44006,-82.29,원,10737,38.0
0,000060,메리츠화재,12,500,603,120625,+0.22,+26200,-13800,30337,,+10.76,18090,6.69,3762,16.9,1.11,,22581,91806,6080,4318,+26200,-12450,25850,+25950,-25000,+33600,-18100,25850,-0,0,20210809,-4.01,20200904,+102.01,-25150,5,-700,-2.71,278441,-84.07,원,39561,32.8
0,002380,KCC,12,5000,481,8886,+0.81,+377000,-193500,31814,,+12.91,276640,5.34,67079,12.8,0.63,11.20,571183,50836,1338,5609,+377000,-137500,-360000,+366000,-347500,+473000,-255000,364000,-0,0,20210512,-5.04,20200901,+160.36,-358000,5,-6000,-1.65,69651,-49.67,원,4147,46.7
0,010620,현대미포조선,12,5000,1997,39942,+1.16,+97100,-41800,30076,,+10.55,57450,,-488,-0.8,1.29,28.07,58409,27920,367,-123,+97100,-27050,-74900,+76800,-74400,+98200,-53000,75600,-0,0,20210511,-22.45,20200924,+178.37,-75300,5,-300,-0.40,189372,-66.73,원,22724,56.9
0,012750,에스원,12,500,190,37999,+0.13,+89800,-78800,31045,,+53.73,61710,21.85,3739,10.5,2.02,7.15,40525,22233,2045,1421,+95600,-78800,+81600,+81900,-81000,+105500,-56900,81200,-0,0,20200825,-14.54,20201130,+3.68,+81700,2,+500,+0.62,57848,+114.36,원,24063,63.3
0,307950,현대오토에버,12,500,137,27424,+0.96,+161500,-100500,31538,,+1.49,88160,40.93,2809,11.1,4.35,20.59,26430,15626,868,608,+161500,-39300,116000,+117000,-114500,+150500,-81500,116000,-0,0,20210108,-28.79,20200825,+192.62,-115000,5,-1000,-0.86,36121,-56.68,원,6112,22.3
0,042660,대우조선해양,12,5000,5415,107291,+0.70,+40750,-24150,28808,,+7.43,20520,33.25,807,2.3,0.74,14.58,36067,70302,1534,866,+40750,-21300,-26750,-26950,-26500,+35100,-18900,27000,-0,0,20210511,-34.11,20201030,+26.06,-26850,5,-150,-0.56,206386,-95.90,원,34194,31.9
0,047040,대우건설,12,5000,20781,415623,+1.78,+9540,-5060,29218,,+10.83,5390,10.29,683,11.1,1.05,5.98,6680,81367,5583,2826,+9540,-2685,-6910,+7100,-6850,+8990,-4850,6920,-0,0,20210602,-26.31,20200924,+161.82,+7030,2,+110,+1.59,1493605,+131.83,원,197449,47.5
0,064350,현대로템,12,5000,5457,109142,+2.82,+27500,-17350,28159,,+5.38,19530,90.77,284,2.8,2.07,27.23,12493,27853,821,224,+27500,-14650,-25550,+26350,-25550,+33400,-18000,25700,-0,0,20210809,-6.18,20200925,+76.11,+25800,2,+100,+0.39,2608837,-41.52,원,71913,65.9
0,026960,동서,12,500,499,99700,+0.77,+44500,-28300,28714,,+3.35,20160,24.54,1174,8.6,2.05,43.46,14018,4930,451,1206,+44500,-23750,28800,+29350,-28700,+37400,-20200,28800,-0,0,20210219,-35.28,20200826,+21.26,28800,3,0,0.00,72811,+110.28,원,30167,30.3
0,204320,만도,12,1000,470,46957,+1.72,+89000,-56000,28174,,+25.03,44620,486.66,123,0.4,1.72,9.99,34983,55635,887,139,+89000,-28700,-59900,+60700,-59300,+78300,-42300,60300,-0,0,20210111,-32.58,20200827,+109.06,-60000,5,-300,-0.50,290034,+100.22,원,32077,68.3
0,001040,CJ,12,5000,1466,29177,+0.41,+118500,-87900,29469,,+17.39,78780,41.57,2430,1.9,0.75,3.90,134358,319991,13903,2040,+118500,-75700,-100500,+102000,-100000,+131000,-71000,101000,-0,0,20210115,-14.77,20201030,+33.42,101000,3,0,0.00,39860,-68.47,원,13328,45.7
0,010060,OCI,12,5000,1272,23849,+2.26,+147000,-93100,29335,,+16.34,88800,,-10321,-9.9,1.25,75.57,98453,20025,-861,-2512,+147000,-53300,+121500,+124500,-117500,+156000,-84000,120000,-0,0,20210423,-16.33,20200925,+130.77,+123000,2,+3000,+2.50,804601,-60.68,원,18346,76.9
0,088350,한화생명,12,5000,43427,868530,+1.40,+4590,-2280,29660,,+7.45,2620,12.62,271,1.9,0.22,,15648,162278,3767,2412,+4590,-1440,-3445,3450,-3350,+4485,-2415,3450,-0,0,20210513,-25.60,20200924,+137.15,-3415,5,-35,-1.01,2515368,-16.45,원,357487,41.2
0,058470,리노공업,12,500,76,15242,+0.20,+194300,-133200,27284,,+48.86,136890,49.27,3633,17.4,8.03,28.59,22286,2013,779,554,+194300,-110500,+175600,+179400,-173400,+228100,-122900,175500,-0,0,20210706,-7.87,20201020,+61.99,+179000,2,+3500,+1.99,39558,+112.16,원,9895,64.9
0,000880,한화,12,5000,3748,74959,+1.17,+37600,-27700,26311,,+18.67,26600,16.07,2184,4.8,0.76,4.16,46305,509265,15820,7405,+37600,-23650,-34950,+35300,-34650,+45500,-24500,35000,-0,0,20210126,-6.65,20200925,+48.41,+35100,2,+100,+0.29,886910,-29.25,원,39373,52.5
0,000990,DB하이텍,12,5000,2220,44399,+3.68,+74300,-48700,26728,,+16.94,46130,16.14,3730,23.1,3.29,7.49,18315,9359,2393,1660,+74300,-30350,+60800,+60800,-59500,+78900,-42500,60700,-0,0,20210122,-18.98,20201027,+98.35,-60200,5,-500,-0.82,472581,-42.60,원,35627,80.2
0,004170,신세계,12,5000,492,9845,+1.14,+327500,-230500,26041,,+27.26,205920,,-10512,-2.8,0.76,9.58,350013,47693,885,-691,+327500,-200000,-260500,+266000,-257500,+343000,-185000,264000,-0,0,20210531,-19.24,20200827,+32.25,+264500,2,+500,+0.19,50695,-62.56,원,7023,71.3
0,009240,한샘,12,1000,235,23534,+1.15,+149000,-92300,27770,,+19.77,85500,42.67,2765,10.8,3.48,17.02,33865,20675,931,668,+149000,-90500,112500,+120000,-112000,+146000,-79000,112500,-0,0,20210714,-20.81,20201030,+30.39,+118000,2,+5500,+4.89,188201,+280.79,원,10150,43.1
0,030000,제일기획,12,200,230,115041,+0.18,+26500,-19050,26402,,+33.79,17940,16.77,1368,16.1,2.05,9.53,11216,27479,2049,1583,+26500,-17100,+23050,+23100,-22800,+29900,-16100,23000,-0,0,20210701,-13.40,20200826,+34.21,-22950,5,-50,-0.22,127382,-82.17,원,68349,59.4
0,047050,포스코인터내셔널,12,5000,6169,123375,+0.99,+28500,-14300,27389,,+11.04,16160,11.48,1934,7.7,0.87,5.92,25598,214724,4745,2295,+28500,-12950,-21800,+22700,-21550,+28400,-15300,21850,-0,0,20210726,-22.11,20200925,+71.43,+22200,2,+350,+1.60,915583,-66.99,원,45187,36.6
0,081660,휠라홀딩스,12,1000,617,60752,+1.08,+59800,-39550,26488,,+46.91,34510,19.07,2286,10.9,2.02,7.18,21602,31288,3411,1977,+59800,-34300,-44200,+44600,-43100,+57500,-31000,44250,-0,0,20210603,-27.09,20200826,+27.11,-43600,5,-650,-1.47,615516,+131.19,원,46944,77.3
0,298050,효성첨단소재,12,5000,224,4480,+2.01,+661000,-148000,26476,,+11.68,438520,33675.21,18,0.0,8.41,19.98,70257,23946,342,68,+661000,-120000,-571000,+601000,-564000,+750000,-404000,577000,-0,0,20210716,-10.59,20201027,+392.50,+591000,2,+14000,+2.43,94429,-94.53,원,2479,55.3
0,145020,휴젤,12,500,63,12485,+0.93,+279500,-155000,23935,,+76.69,147400,57.00,3363,5.8,2.99,21.33,64015,2110,781,453,+279500,-153000,-198500,199200,-189800,+258900,-139500,199200,-0,0,20210721,-31.41,20200828,+25.29,-191700,5,-7500,-3.77,212279,+129.99,원,6905,55.3
0,253450,스튜디오드래곤,12,500,150,30004,+0.91,+113000,-82200,25684,,+12.33,67000,81.98,1044,5.7,4.21,14.92,20309,5257,491,296,+113000,-77900,-85200,+86500,-84600,+111600,-60200,85900,-0,0,20210121,-24.25,20201026,+9.88,-85600,5,-300,-0.35,49554,-82.82,원,11344,37.8
0,004800,효성,12,5000,1054,21071,+0.41,+128500,-73600,24442,,+9.24,90090,,-2504,-2.3,1.07,11.69,107987,27826,1388,12,+128500,-66000,-115000,+118000,-113500,+150000,-81000,115500,-0,0,20210715,-9.73,20200825,+75.76,+116000,2,+500,+0.43,54495,-66.63,원,8292,39.4
0,375500,DL이앤씨,12,5000,968,19359,+1.29,+159000,-103500,25747,,+26.95,99560,,,,,,,,,,+159000,-103500,131000,+134000,-130000,+170000,-92000,131000,-0,0,20210706,-16.35,20210224,+28.50,+133000,2,+2000,+1.53,102601,+110.06,원,14760,76.3
0,012510,더존비즈온,12,500,152,30341,+1.02,+117500,-75800,25092,,+39.35,62320,45.79,1806,15.1,6.11,26.18,13528,3065,767,579,+136000,-75800,82000,+82800,-81000,+106500,-57400,82000,-0,0,20200908,-39.19,20210820,+9.10,+82700,2,+700,+0.85,54970,-94.97,원,18826,62.1
0,138930,BNK금융지주,12,5000,16297,325935,+0.37,+8370,-5430,25781,,+38.66,6220,4.96,1593,6.1,0.30,,26802,33036,7482,5626,+8370,-4935,+7790,+7930,-7750,+10100,-5450,7780,-0,0,20210513,-5.50,20200924,+60.28,+7910,2,+130,+1.67,1393615,+119.29,원,267863,82.2
0,012450,한화에어로스페이스,12,5000,2657,50630,+1.33,+56600,-28500,24454,,+19.46,36440,20.22,2388,4.8,0.94,7.20,51318,53214,2439,1647,+56600,-24750,-47900,+48600,-47500,+62300,-33600,47950,-0,0,20210804,-14.66,20200925,+95.15,+48300,2,+350,+0.73,230653,-70.78,원,33363,65.9
0,048260,오스템임플란트,12,500,71,14286,+1.63,+166000,-49500,23143,,+45.98,123500,21.62,7493,78.8,9.98,18.99,16236,6316,981,1035,+166000,-35250,162500,+166000,-159500,+211200,-113800,162500,-0,0,20210826,-2.41,20200828,+359.57,-162000,5,-500,-0.31,204100,-58.65,원,10659,74.6
0,240810,원익IPS,12,500,245,49084,+2.06,+59300,-40200,22161,,+22.68,34880,22.66,1993,15.9,3.26,11.49,13845,10909,1406,978,+59300,-29300,-45350,-45750,-44500,+59600,-32150,45900,-0,0,20210405,-23.86,20201027,+54.10,-45150,5,-750,-1.63,394244,-46.09,원,32044,65.3
0,278280,천보,12,500,50,10000,+2.00,+265000,-147600,23760,,+6.86,175380,86.89,2734,12.6,10.15,56.60,23414,1555,301,274,+265000,-130300,-236700,+239800,-232600,+308100,-165900,237000,-0,0,20210819,-10.34,20201027,+82.35,+237600,2,+600,+0.25,93198,-47.07,원,4142,41.4
0,120110,코오롱인더,12,5000,1349,26979,+1.47,+85700,-39900,22527,,+21.75,58140,12.21,6839,9.7,1.14,9.72,73257,40361,1524,2055,+85700,-31850,+77600,+84300,+76700,+99400,-53600,76500,-0,0,20210716,-2.57,20200827,+162.17,+83500,2,+7000,+9.15,956758,+865.54,원,16954,62.8
0,000080,하이트진로,12,5000,3632,70134,+1.48,+40750,-30150,22934,,+5.22,24810,26.88,1216,8.2,2.03,8.64,16145,22563,1985,866,+40750,-30150,-32550,+32900,-32000,+42400,-22900,32650,-0,0,20210611,-19.75,20210823,+8.46,+32700,2,+50,+0.15,281091,+117.66,원,30611,43.7
0,001450,현대해상,12,500,447,89400,+0.67,+27500,-19800,23065,,+27.62,20350,6.95,3712,7.1,0.48,,54247,143906,2868,3319,+27500,-19800,-25950,-26050,-25700,+33900,-18300,26100,-0,0,20210817,-6.18,20210128,+30.30,-25800,5,-300,-1.15,450540,-56.40,원,58167,65.1
0,011210,현대위아,12,5000,1360,27195,+1.52,+115000,-55100,23741,,+8.14,64970,38.94,2242,2.0,0.73,9.84,118819,65922,720,537,+115000,-39100,-87200,+89000,-86500,+114000,-61500,87800,-0,0,20210624,-24.09,20200904,+123.27,-87300,5,-500,-0.57,190552,-47.00,원,15459,56.9
0,357780,솔브레인,12,500,39,7779,+0.76,+372600,-264100,22480,,+28.09,204090,35.53,8133,,4.51,16.70,64083,4701,1040,649,+372600,-201100,275800,+294500,-275000,+358500,-193100,275800,-0,0,20210723,-22.44,20200911,+43.71,+289000,2,+13200,+4.79,99503,-96.07,원,4163,53.5
0,064760,티씨케이,12,500,58,11675,+0.83,+247800,-118200,19696,,+74.60,120960,32.55,5183,24.7,7.28,20.14,23166,2282,803,605,+247800,-84500,-167000,+170300,-165500,+218400,-117600,168000,-0,0,20210426,-31.92,20200928,+99.64,+168700,2,+700,+0.42,12863,-50.02,원,4837,41.4
0,095700,제넥신,12,500,125,25009,+3.52,+131000,-81000,20608,,+5.74,60260,72.43,1138,6.6,3.80,,21686,185,-392,275,+190300,-81000,+84000,+84000,-81500,+108800,-58600,83700,-0,0,20200827,-56.70,20210609,+1.73,-82400,5,-1300,-1.55,271507,+136.66,원,20776,83.1
0,017800,현대엘리베이,12,5000,2122,40815,+2.05,+57800,-39300,20489,,+27.84,40240,22.15,2266,9.8,2.03,10.33,24732,18212,1500,979,+57800,-36950,-50200,+50800,-49850,+65300,-35300,50300,-0,0,20210607,-13.15,20201102,+35.86,-50200,5,-100,-0.20,123468,-56.67,원,29982,73.5
0,006260,LS,12,5000,1610,32200,+0.74,+80000,-61500,21381,,+14.69,49620,16.86,3939,3.9,0.64,7.23,103894,104443,3366,1947,+80000,-39550,65300,+66600,-64900,+84800,-45800,65300,-0,0,20210108,-17.00,20200825,+67.89,+66400,2,+1100,+1.68,83001,+146.17,원,17390,54.0
0,010120,LS ELECTRIC,12,5000,1500,30000,+0.67,+79100,-53400,20520,,+17.33,49090,24.09,2839,6.2,1.43,8.55,47901,24027,1337,855,+79200,-49200,64600,+69200,-63700,+83900,-45300,64600,-0,0,20200907,-13.64,20201102,+39.02,+68400,2,+3800,+5.88,373399,+410.22,원,15525,51.8
0,003090,대웅,12,500,291,58142,+1.58,+71200,-30250,20059,,+3.92,24500,20.39,1692,15.1,2.67,13.94,12925,13553,981,1184,+86700,-20700,-34900,+35300,-34250,+45500,-24500,35000,-0,0,20201222,-60.21,20201118,+66.67,-34500,5,-500,-1.43,84178,-71.29,원,19212,33.0
0,086520,에코프로,12,500,94,18701,+2.55,+117500,-42400,17804,,+13.59,67830,90.54,1052,7.9,6.47,15.51,14718,9468,824,542,+117500,-37550,-95700,+97600,-94300,+125900,-67900,96900,-0,0,20210812,-18.98,20201027,+153.53,-95200,5,-1700,-1.75,523466,+102.00,원,15059,80.5
0,108320,LX세미콘,12,500,81,16264,+3.13,+129700,-59000,17809,,+36.29,84960,24.55,4459,14.4,3.35,13.95,32727,11619,942,725,+129700,-43100,-111700,-111700,-108000,+145300,-78300,111800,-0,0,20210727,-15.57,20200924,+154.06,-109500,5,-2300,-2.06,277434,+175.91,원,10873,66.9
0,237690,에스티팜,12,500,93,18656,+1.47,+145200,-66000,18843,,0.00,73870,,-651,-4.1,6.38,,15830,1241,-188,-132,+145200,-55000,-101700,+102900,-99800,+133300,-71900,102600,-0,0,20210426,-30.44,20201027,+83.64,-101000,5,-1600,-1.56,185267,+148.20,원,9653,51.7
0,001230,동국제강,12,5000,5892,95433,+2.19,+27850,-7480,18514,,+23.49,14320,28.44,682,3.4,0.90,7.24,21437,52062,2947,695,+27850,-5930,-19650,-19700,-19250,+25850,-13950,19900,-0,0,20210429,-30.34,20200923,+227.15,-19400,5,-500,-2.51,588848,+101.92,원,67539,70.8
0,004000,롯데정밀화학,12,5000,1290,25800,+1.09,+78100,-49950,18034,,+19.48,53040,9.07,7705,12.7,1.09,6.85,64305,12636,1392,1988,+78100,-44300,+68200,+70500,-67200,+88400,-47600,68000,-0,0,20210719,-10.50,20200901,+57.79,+69900,2,+1900,+2.79,196893,+149.26,원,17439,67.6
0,004370,농심,12,5000,304,6083,+0.54,+344500,-271500,18218,,+14.18,238000,12.27,24416,7.5,0.86,5.04,347662,26398,1603,1490,+376500,-271500,+298000,+301000,-296500,+386500,-208500,297500,-0,0,20200828,-20.45,20210303,+10.31,+299500,2,+2000,+0.67,14883,-67.88,원,3016,49.6
0,336370,솔루스첨단소재,12,100,31,30590,+1.80,+72600,-40150,18140,,+8.03,44170,,-279,-5.1,8.04,35.12,7378,2902,304,-110,+72600,-30150,-58800,+60000,-57800,+77600,-41800,59700,-0,0,20210813,-18.32,20201027,+96.68,-59300,5,-400,-0.67,327423,-87.19,원,14300,46.8
0,052690,한전기술,12,200,76,38220,+1.45,+63000,-16500,17619,,+2.86,29120,87.40,527,4.1,3.46,31.43,13327,4317,296,202,+63000,-15450,-44150,+46200,-44150,+59100,-31850,45500,-0,0,20210607,-26.83,20201030,+198.38,+46100,2,+600,+1.32,145748,-89.77,원,11964,31.3
0,069620,대웅제약,12,2500,290,11587,+1.47,+207000,-118000,18712,,+7.08,113750,146.72,1101,2.4,3.22,36.98,50078,10554,170,241,+286500,-88200,-160000,+165000,-157500,+211000,-114000,162500,-0,0,20201222,-43.63,20201027,+83.11,-161500,5,-1000,-0.62,60464,-88.00,원,4438,38.3
0,069960,현대백화점,12,5000,1170,23402,+0.84,+96900,-71300,18699,,+19.15,62080,26.59,3005,1.7,0.42,7.38,188430,22732,1359,1051,+96900,-53000,-79500,+80300,-78700,+103000,-55800,79600,-0,0,20210511,-17.54,20200925,+50.75,+79900,2,+300,+0.38,71070,-75.21,원,13410,57.3
0,111770,영원무역,12,500,222,44311,+0.30,+49950,-31050,18589,,+27.82,30520,12.59,3332,8.0,1.00,4.21,41768,24664,2597,1824,+49950,-25950,-41200,+42200,-40400,+53600,-28900,41250,-0,0,20210518,-16.02,20200924,+61.66,+41950,2,+700,+1.70,147854,+138.12,원,21384,48.3
0,294870,HDC현대산업개발,12,5000,3295,65907,+1.30,+33400,-25250,18751,,+11.19,22190,7.95,3579,8.9,0.68,2.65,41630,36702,5857,2202,+33400,-19700,-28100,+28650,-28050,+36950,-19950,28450,-0,0,20210706,-14.82,20201027,+44.42,28450,3,0,0.00,191358,-92.90,원,38559,58.5
0,007310,오뚜기,12,5000,184,3672,+0.18,+602000,-506000,19058,,+12.65,404040,17.72,29293,7.9,1.18,6.51,440425,25959,1984,1104,+620000,-506000,518000,+524000,518000,+673000,-363000,518000,-0,0,20200831,-16.29,20210820,+2.57,+519000,2,+1000,+0.19,2286,-70.71,원,1272,34.7
0,032500,케이엠더블유,12,500,199,39821,+3.21,+86000,-42400,17302,,+8.70,32040,64.95,669,11.5,7.09,38.02,6127,3385,327,266,+89500,-42400,-42950,+44200,-42400,+56200,-30350,43300,-0,0,20200908,-51.45,20210827,+2.48,+43450,2,+150,+0.35,274303,-41.34,원,25134,63.1
0,178920,PI첨단소재,12,500,147,29366,+1.12,+67800,-36200,17179,,+18.27,40740,41.17,1421,15.6,4.76,20.88,12292,2618,600,417,+67800,-27700,-57600,+58800,-57300,+75600,-40800,58200,-0,0,20210813,-13.72,20200925,+111.19,+58500,2,+300,+0.52,106233,-58.04,원,13400,45.6
0,041510,에스엠,12,500,118,23670,+5.67,+75600,-28500,17066,,+22.44,56780,,-2992,-16.0,3.82,17.53,18875,5799,65,-803,+75600,-27850,-71500,+75500,-70200,+94600,-51000,72800,-0,0,20210825,-4.63,20201223,+158.89,-72100,5,-700,-0.96,901134,+124.43,원,18672,79.4
0,067160,아프리카TV,12,500,57,11495,+0.68,+163900,-59400,17242,,+52.25,114070,47.12,3184,27.6,10.76,25.18,13936,1966,504,363,+163900,-51100,-150000,+151800,-147500,+195100,-105100,150100,-0,0,20210824,-8.48,20200925,+193.54,-150000,5,-100,-0.07,75160,-69.80,원,7914,68.9
0,098460,고영,12,100,69,68655,+0.36,+155300,-22150,15619,,+65.85,15890,170.49,133,3.7,6.00,54.06,3792,1795,158,92,+155300,-22150,-22550,+23050,-22550,+29500,-15900,22700,-0,0,20210120,-85.35,20210820,+2.71,+22750,2,+50,+0.22,80401,-76.66,원,53347,77.7
0,140410,메지온,12,500,45,8900,+0.44,+200000,-128300,16510,,+18.65,131390,,-1584,-27.8,29.04,,6388,286,-75,-138,+235000,-128300,+189300,+193400,-183500,+244000,-131400,187700,-0,0,20200826,-21.06,20210608,+44.58,-185500,5,-2200,-1.17,80803,-59.78,원,6946,78.0
0,213420,덕산네오룩스,12,200,48,24010,+0.92,+72100,-33000,16303,,+17.58,51450,48.89,1389,18.9,8.45,35.05,8034,1442,401,333,+72100,-27800,-67500,+68900,-66200,+88000,-47400,67700,-0,0,20210811,-5.83,20201027,+144.24,+67900,2,+200,+0.30,162000,+165.20,원,10292,42.9
0,000240,한국앤컴퍼니,12,500,475,94935,+0.91,+23400,-14150,16139,,+9.68,11830,9.33,1822,5.1,0.47,7.46,36556,8209,1565,1796,+23400,-13600,+17150,+17250,-16800,+21950,-11850,16900,-0,0,20210223,-27.35,20200825,+25.00,+17000,2,+100,+0.59,109310,-86.12,원,26170,27.6
0,003000,부광약품,12,500,364,71063,+6.40,+31100,-17600,15563,,+4.67,16050,,-101,-2.5,5.04,146.11,4345,1697,40,-101,+44300,-17600,-22150,+22650,-21900,+28950,-15650,22300,-0,0,20200828,-50.56,20210820,+24.43,-21900,5,-400,-1.79,1676953,-46.02,원,52984,74.6
0,005250,녹십자홀딩스,12,500,253,47028,+2.48,+56300,-28050,15566,,+5.34,23640,9.59,3451,19.7,1.75,17.22,18925,17193,707,1800,+56300,-21400,+32000,+33800,-31550,+41500,-22400,31950,-0,0,20210106,-41.21,20201020,+54.67,+33100,2,+1150,+3.60,478967,+342.15,원,21103,44.9
0,011000,진원생명과학,12,1000,452,45212,+0.16,+58800,-10900,15575,,+14.52,21390,,-468,-30.4,15.29,,2253,415,-185,-186,+58800,-10900,-34200,+36150,-33250,+44850,-24150,34500,-0,0,20210708,-41.41,20210407,+216.06,-34450,5,-50,-0.14,2673175,+179.59,원,40979,90.6
0,042700,한미반도체,12,200,127,49460,+2.05,+41350,-16750,17064,,+7.38,25780,35.76,965,21.0,6.44,22.33,5357,2574,666,501,+41350,-9740,34850,34850,-34050,+45300,-24400,34850,-0,0,20210722,-16.57,20200828,+254.21,-34500,5,-350,-1.00,219133,-78.75,원,21734,43.9
0,051600,한전KPS,12,200,90,45000,+1.02,+50800,-26700,16718,,+9.39,29010,19.20,1935,8.2,1.59,8.20,23371,13032,1354,871,+50800,-26700,-37000,+37600,-36800,+48350,-26050,37200,-0,0,20210607,-26.87,20200925,+39.14,-37150,5,-50,-0.13,97103,-82.01,원,21943,48.8
0,139130,DGB금융지주,12,5000,8457,169146,+0.23,+9790,-6360,15764,,+49.29,7030,4.74,1965,6.9,0.32,,29493,20746,4900,3768,+9790,-5220,9250,+9400,-9160,+12000,-6480,9250,-0,0,20210604,-4.80,20200924,+78.54,+9320,2,+70,+0.76,682663,-93.16,원,141371,83.6
0,175330,JB금융지주,12,5000,9849,196983,+0.14,+8350,-5160,16350,,+40.92,6090,4.50,1845,10.1,0.43,,19147,18135,4695,3908,+8350,-4280,+8250,+8350,-8190,+10650,-5770,8230,-0,0,20210827,-0.60,20200827,+93.93,+8300,2,+70,+0.85,548446,-59.46,원,161541,82.0
0,035900,JYP Ent.,12,500,179,35497,+3.01,+46200,-30300,15548,,+24.03,33180,52.64,832,17.3,7.98,30.16,5488,1444,441,296,+46200,-30200,-44500,+45000,-42900,+58300,-31400,44850,-0,0,20210809,-5.19,20201102,+45.03,-43800,5,-1050,-2.34,622935,-79.70,원,27482,77.4
0,025900,동화기업,12,500,106,20201,+1.76,+87100,-43200,14626,,+42.46,52910,62.29,1162,4.3,2.55,15.67,28389,7449,668,403,+87100,-31500,-70800,+73500,-70800,+92900,-50100,71500,-0,0,20210813,-16.88,20201027,+129.84,+72400,2,+900,+1.26,91174,-72.69,원,4251,21.0
0,034230,파라다이스,12,500,470,90943,+1.87,+20100,-14800,15187,,+5.19,12610,,-1299,-9.8,1.30,165.25,12853,4539,-862,-1669,+20100,-12550,-16450,+16750,-16300,+21550,-11650,16600,-0,0,20210610,-16.92,20201102,+33.07,+16700,2,+100,+0.60,480850,-86.44,원,43352,47.7
0,039030,이오테크닉스,12,500,62,12320,+1.88,+136300,-97400,14968,,+15.84,91960,70.11,1733,5.4,3.65,27.11,33271,3251,385,216,+136300,-81200,-120000,+122400,-119100,+157300,-84700,121000,-0,0,20210406,-10.86,20201027,+49.63,+121500,2,+500,+0.41,75554,-76.16,원,8343,67.7
0,056190,에스에프에이,12,500,180,35909,+0.69,+47300,-36500,13502,,+18.38,28800,12.47,3015,11.3,1.30,4.22,28838,15512,1673,1186,+47300,-31900,-37650,37900,-37300,+49250,-26550,37900,-0,0,20210217,-20.51,20200907,+17.87,-37600,5,-300,-0.79,72446,-84.35,원,16503,46.0
0,214150,클래시스,12,100,65,64717,+1.36,+27200,-12450,15467,,+11.41,17830,40.52,590,36.1,12.50,34.62,1913,765,406,382,+27200,-11800,-23950,+24300,-23650,+31300,-16900,24100,-0,0,20210819,-12.13,20200925,+102.54,-23900,5,-200,-0.83,285487,-44.54,원,16831,26.0
0,000150,두산,12,5000,993,16524,+0.58,+118500,-46250,14756,,+12.01,66230,,-25839,-34.3,1.04,10.81,86147,169693,2750,-9639,+118500,-41600,+89700,+91100,-89200,+116000,-62700,89500,-0,0,20210715,-24.64,20200827,+114.66,-89300,5,-200,-0.22,37985,+100.15,원,5718,34.6
0,192820,코스맥스,12,500,57,11350,+0.66,+142000,-92700,15095,,+24.33,93980,62.52,2127,6.2,3.89,17.91,34148,13829,666,-291,+142000,-92200,-126500,+133500,-125500,+165000,-89000,127000,-0,0,20210712,-6.34,20201207,+44.25,+133000,2,+6000,+4.72,146581,+115.95,원,8172,72.0
0,001740,SK네트웍스,12,2500,6205,248188,+0.79,+6410,-4820,13923,,+12.94,4210,40.38,139,1.6,0.63,5.48,8972,106259,1239,421,+6410,-4480,-5480,+5650,-5470,+7210,-3890,5550,-0,0,20210609,-12.48,20201030,+25.22,+5610,2,+60,+1.08,600615,+137.31,원,113758,45.8
0,006650,대한유화,12,5000,410,6500,+2.42,+405500,-208500,14885,,+13.83,166870,11.70,19576,6.9,0.78,3.89,291963,18827,1702,1272,+405500,-112500,-224000,+231500,-221000,+293000,-158000,225500,-0,0,20210217,-43.53,20200826,+103.56,+229000,2,+3500,+1.55,42923,-93.89,원,3289,50.6
0,010780,아이에스동서,12,500,154,30893,+1.38,+69400,-46900,14921,,+4.54,35660,12.01,4022,10.9,1.26,9.55,38474,12004,2090,1416,+69400,-37350,48200,+48950,-47950,+62600,-33750,48200,-0,0,20210429,-30.40,20201030,+29.32,+48300,2,+100,+0.21,71386,+123.07,원,13492,43.7
0,016380,KG동부제철,12,5000,5000,100009,+1.08,+25150,-10150,15001,,+1.65,10360,22.47,668,7.2,1.54,14.08,9717,23424,1108,669,+25150,-7600,-14650,+15100,-14400,+19200,-10400,14800,-0,0,20210512,-40.36,20201030,+97.37,+15000,2,+200,+1.35,156594,+128.88,원,28002,28.0
0,031430,신세계인터내셔날,12,5000,357,7140,+0.83,+238000,-159000,14137,,+5.27,152490,27.77,7131,8.2,2.21,17.95,89514,13255,338,510,+238000,-134000,+196000,+200000,-195000,+254000,-137000,195500,-0,0,20210531,-16.81,20200901,+47.76,+198000,2,+2500,+1.28,17776,-40.70,원,3281,46.0
0,185750,종근당,12,2500,286,11426,+2.44,+254000,-117000,14740,,+7.82,91440,16.09,8020,17.9,2.62,9.80,49187,13030,1239,904,+287000,-117000,+131000,+134000,+129000,+165000,-89000,127000,-0,0,20201221,-55.05,20210823,+10.26,+129000,2,+2000,+1.57,105117,+174.87,원,6950,60.8
0,000210,DL,12,5000,1283,20956,+2.36,+107000,-60400,14879,,+14.82,49280,5.43,13082,11.8,1.06,8.72,67178,15661,1191,5727,+107000,-60400,-70200,+71300,-69800,+91500,-49300,70400,-0,0,20210511,-33.64,20210129,+17.55,+71000,2,+600,+0.85,52804,-86.72,원,11847,56.5
0,000250,삼천당제약,12,500,114,22768,+8.39,+83200,-48250,12500,,+4.65,39880,,-43,-0.6,6.63,95.88,8284,1669,55,75,+95700,-47200,-55100,+55800,-53500,+72000,-38800,55400,-0,0,20201222,-42.63,20200924,+16.31,-54900,5,-500,-0.90,383945,-28.44,원,13269,58.3
0,363280,티와이홀딩스,12,500,201,40172,+1.14,+34250,-23200,12192,,+6.30,21810,3.37,9007,,1.06,142.13,28570,929,16,3540,+34250,-19450,-30250,+30700,-30000,+39350,-21250,30300,-0,0,20210721,-11.39,20201102,+56.04,+30350,2,+50,+0.17,117887,+119.72,원,19239,47.9
0,048410,현대바이오,12,500,183,36580,+5.04,+66300,-22100,11815,,+4.06,21390,,-240,-17.5,22.65,,1426,125,-45,-86,+66300,-9950,+34800,+35000,-32150,+44850,-24150,34500,-0,0,20210226,-51.28,20200925,+224.62,-32300,5,-2200,-6.38,1459919,+132.62,원,32092,87.7
0,060250,NHN한국사이버결제,12,500,123,24503,+0.92,+70200,-43900,11529,,+33.47,36890,38.41,1225,21.4,6.68,20.85,7042,6248,398,299,+75000,-43900,-48000,-48500,-46900,+63100,-34000,48550,-0,0,20200831,-37.27,20210310,+7.18,-47050,5,-1500,-3.09,138209,+176.13,원,13109,53.5
0,067630,에이치엘비생명과학,12,500,471,94181,+0.31,+28450,-9540,12479,,+6.03,9240,,-591,-18.0,4.35,,3043,918,-81,-558,+37400,-9540,13200,+13800,-12800,+17150,-9250,13200,-0,0,20200921,-64.57,20210721,+38.89,+13250,2,+50,+0.38,3818961,+105.87,원,76765,81.5
0,078340,컴투스,12,500,64,12866,+3.35,+180600,-98100,13291,,+15.38,76510,16.54,6246,8.5,1.26,5.62,81680,5090,1141,764,+180600,-98100,-102800,+104600,-102000,+134400,-72400,103400,-0,0,20210426,-42.80,20210820,+5.30,-103300,5,-100,-0.10,74813,-92.68,원,8086,62.9
0,085660,차바이오텍,12,500,281,56261,+3.90,+31100,-17700,13137,,+9.19,18200,,-355,-5.1,3.43,54.57,6803,6647,-24,-342,+31100,-16350,-23900,-23900,-23300,+31100,-16800,23950,-0,0,20210706,-24.92,20201027,+42.81,-23350,5,-600,-2.51,680510,+172.86,원,38859,69.1
0,141080,레고켐바이오,12,500,121,24116,+3.33,+72300,-45600,13071,,+7.89,40100,,-290,-6.2,11.65,,4651,494,-298,-70,+74900,-45600,-55100,+56000,-54000,+72400,-39000,55700,-0,0,20201230,-27.64,20210504,+18.86,-54200,5,-1500,-2.69,254970,+111.89,원,21217,88.0
0,200130,콜마비앤에이치,12,500,148,29544,+2.07,+58000,-37900,11773,,+3.44,30620,14.63,2724,27.9,3.62,9.18,11004,6069,1092,801,+72900,-37900,-40250,40300,-39250,+52300,-28250,40300,-0,0,20200825,-45.34,20210820,+5.15,-39850,5,-450,-1.12,151079,+144.61,원,13683,46.3
0,235980,메드팩토,12,500,103,20510,+3.06,+118300,-54200,12532,,+6.58,43480,,-1249,-37.7,22.30,,2740,-0,-278,-254,+134200,-54200,-60300,+61900,-59600,+78500,-42300,60400,-0,0,20200904,-54.47,20210820,+12.73,+61100,2,+700,+1.16,86748,+113.96,원,13166,64.2
0,268600,셀리버리,12,500,83,16688,+1.20,+413700,-63100,11415,,+4.41,47250,,-1060,-52.5,29.98,,2282,8,-176,-172,+413700,-63100,-67000,+69500,-65300,+87700,-47300,67500,-0,0,20210126,-83.47,20210820,+8.40,+68400,2,+900,+1.33,238250,-31.39,원,12836,76.9
0,323990,박셀바이오,12,500,76,15223,+1.21,+299700,-69000,11706,,+3.85,52080,,-293,-18.2,33.38,,2304,-0,-43,-40,+299700,-20450,-74000,+79500,-73100,+96700,-52100,74400,-0,0,20210107,-74.34,20201020,+276.04,+76900,2,+2500,+3.36,442806,+229.58,원,10202,67.0
0,003690,코리안리,12,500,602,120369,+0.18,+10200,-7360,11387,,+30.57,7070,8.02,1180,5.8,0.44,,21517,84471,1923,1421,+10200,-7090,+9350,+9480,-9270,+12100,-6520,9310,-0,0,20210513,-7.25,20200825,+33.43,+9460,2,+150,+1.61,381922,-82.56,원,75342,62.6
0,003850,보령제약,12,500,343,68690,+2.12,+30100,-16050,11471,,+6.31,11950,38.40,435,8.6,2.94,18.47,5686,5619,400,269,+30100,-13900,+16700,+17050,-16500,+21550,-11650,16600,-0,0,20210112,-44.52,20201102,+20.14,+16700,2,+100,+0.60,227278,-74.01,원,29107,42.4
0,004490,세방전지,12,500,70,14000,+1.67,+146500,-67600,11494,,+25.72,54250,17.35,4733,6.1,1.02,6.03,80451,12528,863,667,+146500,-26200,82200,+82900,-81100,+106500,-57600,82200,-0,0,20210128,-43.96,20200924,+213.36,-82100,5,-100,-0.12,32352,-88.37,원,7587,54.2
0,005300,롯데칠성,12,500,46,9279,+0.44,+175500,-104000,13083,,+8.66,106400,,-1397,-1.0,1.05,10.33,133667,22580,972,-168,+175500,-85600,-138500,+142000,-138500,+182000,-98000,140000,-0,0,20210513,-19.66,20201030,+64.72,+141000,2,+1000,+0.71,20085,-74.75,원,3338,36.0
0,005850,에스엘,12,500,241,48203,+0.58,+38250,-16000,13208,,+17.52,19580,20.11,1362,4.7,0.93,5.85,29505,25050,932,642,+38250,-11900,27200,+27850,-26950,+35350,-19050,27200,-0,0,20210625,-28.37,20200827,+130.25,+27400,2,+200,+0.74,89523,-70.64,원,15868,32.9
0,009420,한올바이오파마,12,500,261,52241,+2.80,+40600,-19350,11624,,+4.71,15610,58.81,378,12.3,6.30,121.44,3534,886,59,198,+41950,-19350,-22200,+22400,-22050,+28950,-15650,22300,-0,0,20200907,-46.96,20210511,+14.99,-22250,5,-50,-0.22,284178,-66.73,원,34304,65.7
0,013890,지누스,12,500,79,15800,+0.93,+112500,-76100,12830,,+22.19,61860,28.02,2898,11.6,3.04,12.84,26706,9895,867,458,+112500,-76100,-80600,+82000,-80500,+105500,-57000,81400,-0,0,20210804,-27.82,20210817,+6.70,-81200,5,-200,-0.25,48033,+101.73,원,9074,57.4
0,023590,다우기술,12,500,224,44867,+1.08,+29700,-21950,11845,,+21.71,20430,4.30,6143,18.9,0.74,-20.06,35592,47329,10154,6794,+29700,-18700,+26450,+26650,-26050,+34050,-18350,26200,-0,0,20210628,-11.11,20201030,+41.18,+26400,2,+200,+0.76,86594,-91.81,원,22298,49.7
0,032350,롯데관광개발,12,500,346,69276,+0.45,+23650,-14600,13266,,+6.83,13640,,-1183,-30.4,5.78,,3313,168,-714,-821,+23650,-13300,-18800,+19300,-18600,+24600,-13300,18950,-0,0,20210610,-19.03,20200924,+43.98,+19150,2,+200,+1.06,306116,-63.32,원,31698,45.8
0,093370,후성,12,500,463,92607,+4.52,+15250,-9020,13428,,+6.78,10860,224.08,65,2.8,6.17,40.52,2350,2616,28,-13,+15250,-7710,-14100,+14550,-14100,+18550,-10050,14300,-0,0,20210824,-4.92,20200827,+88.07,+14500,2,+200,+1.40,1370868,-39.39,원,46673,50.4
0,192080,더블유게임즈,12,500,92,18375,+2.60,+75000,-52000,11521,,+8.87,47110,10.23,6127,16.9,1.58,4.23,39642,6582,1942,1248,+82800,-52000,+60500,+63300,-60100,+78500,-42300,60400,-0,0,20200921,-24.28,20210311,+20.58,+62700,2,+2300,+3.81,191315,+150.50,원,8986,48.9
0,005290,동진쎄미켐,12,500,257,51414,+3.51,+38400,-25000,13393,,+7.13,19160,15.71,1658,21.6,3.09,8.54,8437,9378,1263,853,+38400,-24750,-25600,+26250,-25400,+33650,-18150,25900,-0,0,20210105,-32.16,20201027,+5.25,+26050,2,+150,+0.58,256993,-65.45,원,33207,64.6
0,022100,포스코 ICT,12,500,760,152035,+1.81,+9340,-6740,11007,,+2.73,4750,126.91,57,2.4,2.98,27.07,2432,9642,261,90,+9340,-4140,+7220,+7290,-7150,+9360,-5040,7200,-0,0,20210304,-22.48,20200904,+74.88,+7240,2,+40,+0.56,497621,-93.15,원,50067,32.9
0,272450,진에어,12,1000,450,45000,+0.03,+26000,-13250,9608,,+5.74,15120,,-5565,-131.4,8.89,,2401,2718,-1847,-1904,+26000,-8350,-20650,+21500,-20500,+27300,-14700,21000,-0,0,20210517,-17.88,20201102,+155.69,+21350,2,+350,+1.67,295996,+152.42,원,16897,37.6
0,036540,SFA반도체,12,500,825,164460,+4.30,+10300,-5470,11118,,+3.98,4990,66.79,101,5.2,3.32,14.95,2036,5731,343,176,+10300,-4800,-6700,+6820,-6640,+8770,-4730,6750,-0,0,20210216,-34.37,20201027,+40.83,+6760,2,+10,+0.15,736673,-56.62,원,73509,44.7
0,039200,오스코텍,12,500,151,30207,+1.96,+69900,-31050,10331,,+6.13,23800,,-144,-8.4,19.54,380.01,1750,435,16,-20,+71500,-29450,-33800,+34650,-33750,+44200,-23800,34000,-0,0,20201208,-52.17,20200825,+16.13,+34200,2,+200,+0.59,256343,-70.05,원,25213,83.5
0,046890,서울반도체,12,500,292,58305,+3.43,+22750,-15650,9562,,+9.36,12830,53.83,305,2.6,1.34,7.76,12246,11531,597,290,+22750,-15650,-16400,+16550,-16200,+21350,-11550,16450,-0,0,20210111,-27.91,20210820,+4.79,-16400,5,-50,-0.30,366904,+128.20,원,38239,65.6
0,069080,웹젠,12,500,177,35311,+3.59,+50300,-25000,9375,,+27.91,19750,10.88,2441,21.8,1.91,5.69,13887,2941,1083,863,+50300,-25000,-26400,+26900,-26100,+34700,-18700,26700,-0,0,20210409,-47.22,20210823,+6.20,-26550,5,-150,-0.56,158475,+109.31,원,20699,58.6
0,084370,유진테크,12,500,115,22916,+3.16,+54000,-31700,10014,,+22.95,33170,287.31,152,1.5,4.13,27.66,10592,2026,223,99,+54000,-24000,-43150,+44300,-43000,+56700,-30600,43650,-0,0,20210419,-19.07,20201026,+82.08,+43700,2,+50,+0.11,164311,-79.78,원,13830,60.4
0,084850,아이티엠반도체,12,500,116,23121,+1.62,+58400,-40700,10150,,+3.44,31320,68.48,641,5.5,3.63,20.03,12078,3911,254,147,+64000,-40700,+44150,+44200,-43400,+56500,-30450,43500,-0,0,20200903,-31.41,20210311,+7.86,+43900,2,+400,+0.92,47484,-94.26,원,7017,30.4
0,086450,동국제약,12,500,222,44460,+1.00,+33650,-22650,10581,,+18.72,18080,19.25,1236,14.5,2.60,9.70,9164,5591,847,579,+151100,-22650,+23900,+24000,-23600,+30900,-16700,23800,-0,0,20200825,-84.25,20210820,+5.08,23800,3,0,0.00,120800,-83.87,원,22881,51.5
0,086900,메디톡스,12,500,31,6254,+0.51,+250100,-117300,11364,,+10.43,126840,,-4729,-11.8,3.61,,50398,1408,-371,-300,+276600,-117300,-180100,+185500,-178700,+235500,-126900,181200,-0,0,20200902,-34.31,20210129,+54.90,+181700,2,+500,+0.28,76006,-44.01,원,4591,73.4
0,089980,상아프론테크,12,500,79,15725,+3.54,+71300,-41200,10551,,+3.52,48520,454.82,148,1.6,6.77,64.97,9913,1533,74,23,+71300,-33450,-67300,+71300,-66700,+87600,-47200,67400,-0,0,20210827,-5.89,20201027,+100.60,-67100,5,-300,-0.45,855616,-93.63,원,8415,53.5
0,112040,위메이드,12,500,87,16800,+2.46,+78800,-35450,10651,,+7.84,52540,,-436,-3.0,3.98,,15922,1262,-128,-184,+78800,-33350,-67900,-68000,-58300,+92300,-49700,71000,-0,0,20210819,-19.54,20200825,+90.10,-63400,5,-7600,-10.70,2357301,+168.41,원,8957,53.3
0,122870,와이지엔터테인먼트,12,500,92,18436,+3.08,+63300,-39750,11209,,+13.59,45950,118.04,515,2.7,3.19,45.22,19082,2553,60,32,+63300,-38150,-61400,62100,-58700,+80700,-43500,62100,-0,0,20210826,-3.95,20201027,+59.37,-60800,5,-1300,-2.09,407481,-63.74,원,13645,74.0
0,144510,녹십자랩셀,12,500,53,10554,+3.93,+150700,-83000,10702,,+5.43,71850,257.25,394,9.1,22.69,100.36,4469,856,64,41,+150700,-43850,+99900,+103000,-98400,+129700,-69900,99800,-0,0,20210129,-32.71,20201028,+131.24,+101400,2,+1600,+1.60,137927,+163.59,원,5173,49.0
0,222800,심텍,12,500,159,31854,+4.89,+33200,-21050,9795,,+8.27,24850,16.15,1905,25.1,3.48,6.76,8843,12014,897,565,+33200,-15700,-32250,-32250,-29500,+42500,-22900,32700,-0,0,20210826,-7.38,20201027,+95.86,-30750,5,-1950,-5.96,2688049,+116.33,원,20725,65.1
0,298380,에이비엘바이오,12,500,236,47123,+2.15,+32050,-17500,9542,,+4.80,14830,,-1207,-49.9,10.33,,1960,81,-596,-556,+38000,-17500,-19950,+20350,-19750,+26050,-14050,20050,-0,0,20200914,-46.71,20210823,+15.71,+20250,2,+200,+1.00,156763,-98.83,원,32156,68.2
0,001120,LX인터내셔널,12,5000,1938,38760,+1.65,+36800,-25000,10523,,+25.24,21060,3.54,7678,23.7,0.76,5.18,35574,112826,1598,3616,+36800,-14400,-26900,+27400,-26600,+35100,-18900,27000,-0,0,20210511,-26.22,20200827,+88.54,+27150,2,+150,+0.56,92223,-89.75,원,26373,68.0
0,001800,오리온홀딩스,12,500,313,62645,+0.59,+18750,-12850,10086,,+5.12,12480,13.01,1237,4.0,0.51,1.58,31575,22805,3086,2185,+18750,-11900,16000,+16200,-15800,+20800,-11200,16000,-0,0,20210510,-14.13,20200924,+35.29,+16100,2,+100,+0.63,66937,-57.68,원,20159,32.2
0,003520,영진약품,12,500,914,182893,+2.27,+8420,-4910,9858,,+4.19,3900,,-1,-0.1,8.61,121.63,626,2085,4,-1,+12800,-4910,-5400,+5480,-5330,+7040,-3800,5420,-0,0,20200908,-57.89,20210820,+9.78,-5390,5,-30,-0.55,330938,-43.51,원,86925,47.5
0,003540,대신증권,12,5000,2549,50773,+0.61,+20650,-12050,9622,,+15.16,14020,11.10,1707,7.4,0.72,,26437,6663,2392,1470,+20650,-10150,-18700,+19200,-18700,+24600,-13300,18950,-0,0,20210428,-8.23,20200827,+86.70,18950,3,0,0.00,179091,-92.07,원,26248,51.7
0,005440,현대그린푸드,12,500,489,97704,+1.26,+12000,-8570,9536,,+10.41,7310,13.41,728,4.1,0.51,4.80,18991,32385,786,816,+12000,-7080,9630,+9800,-9570,+12500,-6750,9630,-0,0,20210614,-18.67,20200828,+37.85,+9760,2,+130,+1.35,272085,+111.99,원,49744,50.9
0,005690,파미셀,12,500,300,59959,+5.98,+20200,-14000,9743,,+9.79,11800,185.88,87,9.7,17.03,105.68,954,378,72,52,+25850,-14000,-16350,-16350,-16050,+21300,-11500,16400,-0,0,20201117,-37.14,20210201,+16.07,-16250,5,-150,-0.91,479709,+161.70,원,54386,90.7
0,005880,대한해운,12,500,1596,319177,+2.31,+4150,-2680,9320,,+4.46,1920,87.74,33,1.1,0.98,10.06,2980,8841,1459,275,+18150,-1580,2915,+2925,-2840,+3785,-2045,2915,-0,0,20201005,-83.91,20201030,+84.81,+2920,2,+5,+0.17,1059291,-48.45,원,153233,48.0
0,020000,한섬,12,500,123,24630,+0.88,+51200,-29700,9803,,+27.95,29260,11.52,3455,7.9,0.86,4.80,46460,11959,1021,849,+51200,-27500,+39200,+40450,+38800,+50000,-26950,38500,-0,0,20210511,-22.27,20201029,+44.73,+39800,2,+1300,+3.38,159752,+327.99,원,13437,54.6
0,039130,하나투어,12,500,70,13939,+0.45,+94300,-55200,10622,,+7.24,58140,,-12681,-108.9,6.28,,12125,1096,-1149,-2186,+94300,-36500,-75700,+76900,-75300,+99400,-53600,76500,-0,0,20210603,-19.19,20200924,+108.77,-76200,5,-300,-0.39,76291,-75.73,원,9457,67.9
0,069260,휴켐스,12,1000,409,40879,+2.45,+30200,-21000,10792,,+7.35,20970,21.76,1213,7.5,1.50,6.49,17606,5935,952,498,+30200,-15600,+27900,+28300,-26300,+35850,-19350,27600,-0,0,20210825,-12.58,20200825,+69.23,-26400,5,-1200,-4.35,4256947,+118.02,원,20623,50.5
0,079160,CJ CGV,12,500,185,36975,+1.28,+34800,-24100,10963,,+6.09,22050,,-22659,-314.4,7.78,,3812,5834,-3887,-7516,+34800,-19600,-29500,-29750,-29050,+38700,-20900,29800,-0,0,20210603,-14.80,20201027,+51.28,-29650,5,-150,-0.50,188707,-61.22,원,21443,58.0
0,079550,LIG넥스원,12,5000,1100,22000,+1.05,+51500,-30050,10747,,+6.76,35960,18.57,2631,8.9,1.58,13.48,30956,16003,637,579,+51500,-27900,+50000,+51500,48600,+63100,-34050,48600,-0,0,20210827,-5.15,20201102,+75.09,+48850,2,+250,+0.51,605223,+300.23,원,10576,48.1
0,103140,풍산,12,5000,1401,28024,+1.65,+49950,-27800,9584,,+13.43,25990,13.33,2565,5.1,0.66,7.31,51545,25936,1212,719,+49950,-22650,+34300,+34450,-33950,+44450,-23950,34200,-0,0,20210512,-31.53,20200904,+50.99,34200,3,0,0.00,95081,-82.04,원,17360,62.0
0,114090,GKL,12,500,309,61856,+1.48,+19250,-14300,9649,,+3.74,11810,,-1040,-12.0,1.98,,7863,1845,-888,-643,+19250,-11650,-15450,+15650,-15350,+20200,-10900,15550,-0,0,20210531,-18.96,20200925,+33.91,+15600,2,+50,+0.32,137888,-60.63,원,30304,49.0
0,161890,한국콜마,12,500,114,22881,+2.39,+62800,-45450,11006,,+26.81,37240,6.87,7004,29.3,1.76,10.07,27258,13221,1217,1606,+62800,-43650,-47700,+48400,-47200,+62000,-33450,47750,-0,0,20210603,-23.41,20201030,+10.19,+48100,2,+350,+0.73,83736,-85.91,원,15958,69.7
0,241590,화승엔터프라이즈,12,500,303,60571,+1.05,+22150,-12200,9388,,+4.48,11050,23.40,662,9.3,1.81,8.85,8554,11158,625,415,+22150,-10750,+15400,+15750,-15300,+19950,-10750,15350,-0,0,20210510,-30.02,20200827,+44.19,+15500,2,+150,+0.98,100346,-71.40,원,16974,28.0
0,267270,현대건설기계,12,5000,985,19701,+1.45,+68200,-32200,9535,,+20.80,35480,,-490,-0.8,0.76,6.63,63894,26175,916,85,+68200,-21450,-47250,+48900,-46750,+62300,-33600,47950,-0,0,20210511,-29.03,20200827,+125.64,+48400,2,+450,+0.94,70907,-46.01,원,10949,55.6
0,025980,아난티,12,100,85,85231,+6.39,+12200,-7080,9546,,+4.50,8550,,-462,-11.0,2.79,,4009,1141,-317,-448,+12200,-7080,-11050,+11400,-11050,+14600,-7900,11250,-0,0,20210806,-8.20,20210303,+58.19,-11200,5,-50,-0.44,1763773,-65.69,원,57865,67.9
0,003380,하림지주,12,100,93,92342,+1.02,+12800,-7870,9151,,+4.64,7210,16.80,590,3.2,0.54,6.66,18446,77233,3540,1736,+12800,-6370,-9710,+9930,-9630,+12650,-6830,9750,-0,0,20210511,-22.58,20200924,+55.57,+9910,2,+160,+1.64,310730,+107.94,원,27953,30.3
0,383800,LX홀딩스,12,1000,763,76281,+1.34,+14300,-9420,7453,,+11.96,6810,,,,,,,,,,+14300,-9420,-9650,+9850,-9640,+12650,-6820,9740,-0,0,20210527,-31.68,20210823,+3.72,+9770,2,+30,+0.31,198098,-78.52,원,41277,54.1
0,082270,젬백스,12,500,199,39798,+0.76,+33500,-19150,8119,,+5.83,15050,494.07,41,1.4,5.89,241.91,3461,657,14,16,+33500,-17850,20350,+20500,-20100,+26450,-14250,20350,-0,0,20210106,-39.10,20200911,+14.29,+20400,2,+50,+0.25,126814,-93.30,원,32301,81.2
0,084990,헬릭스미스,12,500,171,34266,+0.10,+41650,-21950,8909,,+8.71,18270,,-2855,-35.1,3.18,,8166,43,-711,-856,+60200,-18200,-25950,+26450,-25600,+33900,-18300,26100,-0,0,20200916,-56.81,20201020,+42.86,-26000,5,-100,-0.38,153055,-80.60,원,30553,89.2
0,088800,에이스테크,12,500,219,43724,+1.94,+29600,-14150,7280,,+5.24,12210,,-1950,-103.9,10.43,,1596,2108,-614,-831,+35450,-14150,-16400,+16850,-16150,+21450,-11550,16500,-0,0,20200908,-53.03,20210527,+17.67,+16650,2,+150,+0.91,244478,-85.78,원,33381,76.3
0,131970,테스나,12,500,74,14760,+4.01,+59700,-41750,7660,,+5.08,39290,23.81,2180,19.2,3.95,10.83,13148,1325,306,372,+100400,-33700,-51600,+52300,-51100,+67200,-36200,51700,-0,0,20200911,-48.31,20201027,+54.01,+51900,2,+200,+0.39,223581,-58.13,원,11643,78.9
0,140860,파크시스템스,12,500,33,6687,+1.10,+160700,-85100,8098,,+22.82,89760,81.10,1493,20.4,15.00,44.53,8074,712,150,100,+160700,-54500,+121800,+122900,-120000,+157600,-85000,121300,-0,0,20210427,-24.64,20200827,+122.20,-121100,5,-200,-0.16,27071,+109.54,원,4347,65.0
0,183490,엔지켐생명과학,12,500,42,8331,+2.86,+159000,-80700,7490,,+9.47,62650,,-2120,-23.9,10.29,,8738,258,-191,-175,+159000,-80700,89500,+91300,-87500,+116300,-62700,89500,-0,0,20210416,-43.46,20210218,+11.40,+89900,2,+400,+0.45,79319,-83.05,원,6710,80.5
0,218410,RFHIC,12,500,133,26648,+3.15,+49550,-31700,8740,,+11.85,24230,396.47,83,1.0,3.96,324.15,8278,705,-30,16,+49550,-31700,-32300,+32950,-32200,+42550,-22950,32750,-0,0,20210114,-33.80,20210819,+3.47,+32800,2,+50,+0.15,109703,+105.10,원,16747,62.8
0,290650,엘앤씨바이오,12,500,114,22685,+4.89,+40650,-28500,8201,,+7.25,27300,73.52,492,18.6,12.73,90.65,2839,330,73,121,+155600,-28500,-36800,-36850,-35550,+47950,-25850,36900,-0,0,20201006,-76.77,20210311,+26.84,-36150,5,-750,-2.03,212375,+137.84,원,14980,66.0
0,000070,삼양홀딩스,12,5000,428,8564,+0.95,+147500,-72800,8864,,+8.07,74520,8.97,11537,7.0,0.60,4.74,172464,24712,1703,1433,+147500,-60500,-103000,+104000,-101500,+134500,-72500,103500,-0,0,20210422,-29.83,20201015,+71.07,103500,3,0,0.00,11668,-35.26,원,3877,45.3
0,000640,동아쏘시오홀딩스,12,5000,317,6348,+1.07,+140000,-99500,7268,,+12.08,82510,4.33,26439,19.9,0.79,10.30,145744,7833,506,1624,+157500,-97300,111500,+114500,-110500,+144500,-78500,111500,-0,0,20201204,-27.30,20200825,+17.68,+114500,2,+3000,+2.69,10798,+142.53,원,3041,47.9
0,001680,대상,12,1000,346,34648,+1.21,+31250,-24000,8645,,+12.16,18730,7.18,3473,12.0,0.83,4.26,30083,31132,1744,1270,+31250,-23900,24650,+25000,-24550,+32000,-17300,24650,-0,0,20210513,-20.16,20201102,+4.39,+24950,2,+300,+1.22,95127,-60.97,원,19311,55.7
0,006120,SK디스커버리,12,5000,1049,19038,+2.13,+71800,-47900,9167,,+7.59,34950,3.68,13091,14.7,0.50,6.62,95493,45195,1730,3555,+80000,-47900,+48700,+48700,-47900,+63100,-34000,48550,-0,0,20200901,-39.81,20210827,+0.52,-48150,5,-400,-0.82,71319,-97.95,원,9981,52.4
0,025540,한국단자,12,500,52,10415,+1.55,+111000,-60700,8613,,+23.89,57640,14.90,5550,7.8,1.12,5.28,73675,8025,790,577,+111000,-41000,-77300,+83000,-77000,+101000,-54600,77900,-0,0,20210624,-25.50,20200910,+101.71,+82700,2,+4800,+6.16,99939,+185.52,원,6437,61.8
0,033270,유나이티드제약,12,500,81,16245,+4.86,+74300,-46950,8382,,+6.61,36890,31.48,1639,10.0,2.80,16.03,18409,2160,401,266,+112000,-41250,-52200,+52800,-51400,+68500,-36900,52700,-0,0,20200908,-53.93,20200827,+25.09,-51600,5,-1100,-2.09,307434,-8.92,원,8813,54.3
0,042670,두산인프라코어,12,5000,3928,78567,+4.99,+19350,-7680,9192,,+9.66,8800,16.55,707,6.5,1.06,2.85,11012,79341,6586,2851,+19350,-7560,-11750,+12150,-11450,+15450,-8350,11900,-0,0,20210721,-39.53,20200827,+54.76,-11700,5,-200,-1.68,4903392,-39.49,원,54855,70.1
0,064960,SNT모티브,12,5000,731,14623,+1.66,+81600,-49600,7940,,+21.36,40660,14.59,3723,7.3,1.01,3.97,53859,9407,894,544,+81600,-46900,-53400,+54900,-53000,+69500,-37500,53500,-0,0,20210122,-33.46,20200925,+15.78,+54300,2,+800,+1.50,45963,+103.39,원,7897,54.0
0,071840,롯데하이마트,12,5000,1180,23608,+0.66,+45250,-29650,7436,,+8.72,24050,25.89,1217,1.5,0.39,4.29,81582,40517,1611,287,+45250,-27900,-31500,+31850,-31300,+41100,-22200,31650,-0,0,20210122,-30.39,20200924,+12.90,-31500,5,-150,-0.47,25684,-72.23,원,7612,32.2
0,089590,제주항공,12,5000,1925,38500,0.00,+29650,-17950,8778,,+1.94,17320,,-9727,-113.1,4.00,,5693,3770,-3358,-3065,+29650,-12200,0,0,0,+29600,-16000,22800,-0,0,20210610,-23.10,20200901,+86.89,22800,3,0,0.00,0,0.00,원,13554,35.2
0,097520,엠씨넥스,12,500,90,17929,+4.23,+66500,-39600,7916,,+5.85,31010,20.52,2152,16.1,3.08,7.21,14327,13113,592,384,+66500,-31550,44300,44300,-43600,+57500,-31050,44300,-0,0,20210204,-33.61,20201027,+39.94,-44150,5,-150,-0.34,48871,-71.26,원,12637,70.5
0,105630,한세실업,12,500,200,40000,+0.97,+28400,-15050,8440,,+10.22,15650,18.79,1123,11.0,1.92,10.30,10975,16983,649,357,+28400,-14550,-21050,+21250,-20750,+27450,-14850,21150,-0,0,20210517,-25.70,20200827,+45.02,-21100,5,-50,-0.24,168816,-57.04,원,16158,40.4
0,108670,LX하우시스,12,5000,448,8968,+1.34,+113000,-69800,7667,,+27.47,64220,,-7712,-8.8,1.02,5.55,83975,30380,710,-795,+113000,-54300,-84300,+86000,-83500,+109500,-59200,84500,-0,0,20210707,-24.34,20200924,+57.46,+85500,2,+1000,+1.18,46508,-96.10,원,5941,66.3
0,210980,SK디앤디,12,1000,202,20190,+1.38,+50500,-33800,7783,,+5.62,28080,12.96,2974,14.9,1.78,9.45,21679,6998,1398,661,+60300,-33800,-37900,+38800,-37250,+49300,-26600,37950,-0,0,20200907,-36.07,20210309,+14.05,+38550,2,+600,+1.58,82823,+241.94,원,8578,42.5
0,033640,네패스,12,500,116,23059,+4.58,+48850,-32750,7990,,+6.37,26900,,-2115,-23.3,3.84,15.81,9023,3436,-36,-627,+48850,-26700,-35200,-35200,-34300,+46000,-24800,35400,-0,0,20210122,-29.07,20201027,+29.78,-34650,5,-750,-2.12,219607,+145.65,원,17091,74.1
0,036830,솔브레인홀딩스,12,500,105,20964,+1.56,+50200,-31850,7044,,+4.85,22500,0.32,103627,154.6,0.67,13.88,49869,2357,166,14444,+51500,-31850,+33350,+34200,-32900,+43000,-23200,33100,-0,0,20200903,-34.76,20210823,+5.49,+33600,2,+500,+1.51,60842,+138.03,원,5238,25.0
0,048530,인트론바이오,12,500,167,33474,+8.07,+34500,-19500,7113,,+10.55,15260,46.54,457,19.9,8.06,37.87,2635,454,157,149,+34500,-12550,21200,+21600,-21000,+27550,-14850,21200,-0,0,20210105,-38.41,20201027,+69.32,+21250,2,+50,+0.24,246856,+118.07,원,28037,83.8
0,053030,바이넥스,12,500,159,31761,+5.44,+38800,-13150,6130,,+6.51,13930,95.54,202,3.8,3.45,27.63,5593,1330,161,63,+39400,-13150,-19600,+19950,-19250,+25850,-13950,19900,-0,0,20200831,-51.02,20210311,+46.77,-19300,5,-600,-3.02,394642,-61.87,원,27692,87.2
0,053800,안랩,12,500,52,10014,+3.26,+105300,-60100,6559,,+18.44,46510,35.33,1854,8.8,2.76,17.12,23730,1782,200,185,+105300,-58900,-63700,+65700,-63700,+83900,-45300,64600,-0,0,20210107,-37.80,20200826,+11.21,+65500,2,+900,+1.39,47871,+125.82,원,5825,58.2
0,058820,CMG제약,12,500,694,138892,+6.38,+6790,-4145,6153,,+6.31,3280,2858.06,2,0.1,3.40,118.60,1304,645,18,2,+7100,-4145,-4425,+4460,-4375,+5770,-3110,4440,-0,0,20201222,-37.61,20210309,+6.88,-4430,5,-10,-0.23,640094,-94.57,원,102970,74.1
0,090460,비에이치,12,500,168,33693,+4.83,+24600,-15750,6789,,+9.26,14610,26.04,774,8.7,1.84,10.74,10961,7214,340,259,+24600,-15750,19750,+20450,-19300,+25650,-13850,19750,-0,0,20210126,-18.09,20210513,+27.94,+20150,2,+400,+2.03,696644,+201.61,원,23602,70.1
0,271980,제일약품,12,500,74,14705,+3.53,+63900,-36000,5970,,+2.69,24890,86.32,470,4.1,3.39,29.22,11970,6913,129,70,+119000,-36000,+43600,+44700,+40600,+50500,-27250,38900,-0,0,20201111,-65.88,20210823,+12.78,+40600,2,+1700,+4.37,717511,+1097.78,원,5451,37.1
0,178320,서진시스템,12,500,94,18790,+5.15,+52900,-35000,7112,,+5.89,27600,,-304,-2.2,2.83,26.59,13364,3219,49,-58,+57500,-34550,-37200,+38300,-36800,+48450,-26150,37300,-0,0,20200907,-34.17,20201027,+9.55,+37850,2,+550,+1.47,115341,+125.98,원,12618,67.2
0,001820,삼화콘덴서,12,1000,104,10395,+4.13,+81800,-56400,6518,,+8.09,47570,27.95,2243,14.3,3.72,14.73,16842,2425,271,235,+81800,-48950,-62200,+63100,-61800,+81300,-43900,62600,-0,0,20210126,-23.35,20201027,+28.09,+62700,2,+100,+0.16,90123,-25.62,원,7335,70.6
0,003230,삼양식품,12,5000,377,7533,+1.79,+103500,-79700,6139,,+5.97,60380,9.13,8922,21.5,1.79,5.25,45470,6485,953,680,+113000,-79700,-81000,+82400,-81000,+106000,-57200,81600,-0,0,20200825,-27.88,20210820,+2.26,-81500,5,-100,-0.12,14721,-66.36,원,4059,53.9
0,007570,일양약품,12,2500,477,19086,+4.70,+66300,-30150,6480,,+8.28,23480,60.95,557,5.4,3.08,15.17,11005,3433,341,215,+92100,-30150,-33450,+34600,-33250,+43600,-23500,33550,-0,0,20200902,-63.14,20210823,+12.60,+33950,2,+400,+1.19,165780,-13.73,원,13163,69.0
0,081000,일진다이아,12,1000,142,14203,+5.67,+54400,-38900,7023,,+1.95,35350,134.79,367,2.9,3.87,36.47,12788,1687,91,73,+70200,-38900,-48800,+50400,-47900,+63800,-34400,49100,-0,0,20200921,-29.56,20210311,+27.12,+49450,2,+350,+0.71,601096,-45.91,원,6316,44.5
0,192650,드림텍,12,100,67,65293,+3.92,+14000,-8390,7019,,+21.07,7630,31.68,339,8.8,2.63,13.05,4091,10458,197,107,+19450,-8390,-10800,+11000,-10650,+14150,-7650,10900,-0,0,20200914,-44.73,20210309,+28.13,-10750,5,-150,-1.38,294647,+130.15,원,23143,35.4
0,101490,에스앤에스텍,12,500,107,21451,+5.19,+45550,-28000,6532,,+2.94,22790,56.45,539,8.7,3.92,30.69,7773,874,110,110,+47500,-28000,-30500,+31000,-30300,+40000,-21600,30800,-0,0,20200903,-35.89,20210513,+8.75,-30450,5,-350,-1.14,133632,-64.42,원,14463,67.4
0,083790,크리스탈지노믹스,12,500,346,69246,+2.87,+18250,-6730,4910,,+5.93,5150,,-147,-5.4,2.28,,3103,302,-101,-120,+22150,-6730,-7100,+7170,-7040,+9300,-5020,7160,-0,0,20200828,-67.99,20210820,+5.35,-7090,5,-70,-0.98,273792,-45.65,원,59611,86.1
0,011930,신성이엔지,12,500,1021,203974,+2.39,+3715,-2115,4681,,+6.31,1680,,-75,-8.8,2.38,17.80,964,4824,185,-137,+4400,-1370,-2270,+2300,-2215,+2955,-1595,2275,-0,0,20201110,-47.84,20200825,+67.52,+2295,2,+20,+0.88,702327,-84.08,원,157382,77.2
0,007700,F&F홀딩스,12,500,39,7739,+5.71,+180500,-34050,3266,,+6.06,29010,7.57,5571,16.6,1.16,1.05,36358,8376,1226,854,+180500,-34050,41450,+44700,-40300,+53800,-29050,41450,-0,0,20210427,-76.62,20210817,+23.94,+42200,2,+750,+1.81,789145,+180.85,원,3107,40.2
